Age_uid,Age_hi,Age_lo,Age_m2,Age_mu,Age_n,Age_sd,Education-num_uid,Education-num_hi,Education-num_lo,Education-num_m2,Education-num_mu,Education-num_n,Education-num_sd,race_uid,race_mode,race_most,race_n,sex_uid,sex_mode,sex_most,sex_n,Capital-gain_uid,Capital-gain_hi,Capital-gain_lo,Capital-gain_m2,Capital-gain_mu,Capital-gain_n,Capital-gain_sd,Capital-loss_uid,Capital-loss_hi,Capital-loss_lo,Capital-loss_m2,Capital-loss_mu,Capital-loss_n,Capital-loss_sd,Hours-per-week_uid,Hours-per-week_hi,Hours-per-week_lo,Hours-per-week_m2,Hours-per-week_mu,Hours-per-week_n,Hours-per-week_sd,probability!_uid,probability!_mode,probability!_most,probability!_n,
1,70,18,33113.86387434553,35.23036649214659,191,13.201647400059692,2,16,4,1019.7486910994771,10.502617801047121,191,2.316699888679536,3,1,162,191,4,1,128,191,5,27828,0,1439877581.717278,595.4869109947645,191,2752.871784458892,6,2057,0,33942454.19895285,103.78534031413612,191,422.66357281407915,7,90,8,30960.74345549738,41.03664921465969,191,12.765237222422584,8,0,146,191,
1,70,17,35883.591623036664,34.47120418848169,191,13.742671084701774,2,16,1,1352.4397905759163,9.801047120418845,191,2.6679775413083737,3,1,163,191,4,1,129,191,5,99999,0,39689139583.5916,2624.471204188482,191,14453.034571836208,6,2472,0,38947517.98952879,115.29842931937169,191,452.7548307715707,7,99,3,33875.17277486911,39.44502617801045,191,13.352542193366284,8,0,144,191,
1,70,17,31885.183246073295,33.141361256544506,191,12.954410597425943,2,16,2,1189.2879581151828,9.842931937172779,191,2.501881353275847,3,1,166,191,4,1,119,191,5,15024,0,1116237570.5549738,654.6649214659687,191,2423.8264339404095,6,1887,0,14524150.303664923,45.09424083769633,191,276.4830850795009,7,75,7,26668.293193717287,40.72251308900523,191,11.84733885147504,8,0,150,191,
1,70,17,37062.19895287958,34.214659685863886,191,13.966538762884515,2,16,1,1425.3821989528792,9.732984293193718,191,2.7389800242857207,3,1,152,191,4,1,118,191,5,15024,0,774027067.5497383,422.607329842932,191,2018.3722826362862,6,3175,0,24511752.743455485,61.96335078534031,191,359.1785419057703,7,92,10,28169.38219895287,40.2670157068063,191,12.176202458495764,8,0,149,191,
1,70,17,35837.81151832459,34.03141361256544,191,13.733901871746463,2,16,1,1256.659685863874,10.083769633507854,191,2.571769497185152,3,1,161,191,4,1,129,191,5,25124,0,1369319975.3821988,674.7329842931938,191,2684.5758024041115,6,2415,0,33559028.4921466,92.58115183246073,191,420.2695156065212,7,90,4,31501.83246073299,40.19371727748689,191,12.876300641658851,8,0,153,191,
1,70,17,36012.79581151834,34.57068062827226,191,13.76739011530285,2,15,2,1148.2303664921474,10.12041884816754,191,2.4583160330559055,3,1,155,191,4,1,127,191,5,99999,0,11151679261.109945,911.0994764397904,191,7661.138867210535,6,2258,0,31904777.86387435,95.2303664921466,191,409.78028685391337,7,99,2,30724.732984293187,40.28272251308902,191,12.716490119917687,8,0,155,191,
1,70,17,29405.6439790576,34.476439790575924,191,12.440520377307289,2,16,2,1230.7748691099487,10.308900523560219,191,2.5451448817306512,3,1,167,191,4,1,124,191,5,27828,0,1955460159.7905767,755.6439790575907,191,3208.0984364332,6,2377,0,23846439.727748696,68.13089005235601,191,354.27048637230115,7,80,2,34976.869109947664,40.97382198952881,191,13.56793222231001,8,0,136,191,
1,70,17,33498.2157894737,35.12105263157896,190,13.313122735907694,2,15,3,1177.9157894736838,9.821052631578942,190,2.4964692416418703,3,1,165,190,4,1,121,190,5,15024,0,1029857814.6526316,654.9157894736842,190,2334.305709694045,6,2415,0,36471648.46842104,103.57368421052641,190,439.2854254560476,7,99,2,27002.46842105264,39.373684210526335,190,11.952832437794516,8,0,152,190,
1,70,17,32527.298429319355,33.82722513089004,191,13.084200683371279,2,16,2,1022.994764397905,9.99476439790576,191,2.320384229069679,3,1,174,191,4,1,127,191,5,99999,0,10706139349.24607,1086.0628272251317,191,7506.537273479511,6,2174,0,18144977.32984292,50.38743455497382,191,309.0305497574371,7,84,4,25687.664921465963,38.95811518324607,191,11.627477646883188,8,0,143,191,
1,70,17,32957.947643979045,34.17801047120417,191,13.170530829724814,2,16,4,1177.5183246073293,10.319371727748692,191,2.489470800462292,3,1,159,191,4,1,128,191,5,99999,0,19863026409.162304,1210.712041884816,191,10224.590175588895,6,2415,0,36824244.146596834,107.40837696335079,191,440.24062885867096,7,99,8,35961.83246073299,41.19371727748692,191,13.757645235464915,8,0,148,191,
1,70,17,31177.664921465992,34.04188481675394,191,12.809877956907851,2,16,3,1370.774869109948,10.30890052356021,191,2.686001596102073,3,1,169,191,4,1,125,191,5,15024,0,1065796615.7905763,580.3560209424085,191,2368.4289882920243,6,1980,0,33116328.795811523,102.42931937172771,191,417.4882840827709,7,75,3,31184.921465968586,41.24083769633508,191,12.81136860801222,8,0,144,191,
1,70,17,29796.65263157897,35.08421052631579,190,12.556044230884623,2,16,1,1270.5736842105266,10.152631578947368,190,2.5928000473947046,3,1,161,190,4,1,138,190,5,99999,0,11796751986.95263,1560.0157894736851,190,7900.422595003608,6,2824,0,32793782.152631566,85.4157894736842,190,416.5478062379497,7,84,3,23087.942105263148,42.636842105263156,190,11.052530200699348,8,0,131,190,
1,70,17,38058.73298429319,34.28272251308899,191,14.153060480686294,2,16,3,1256.9738219895285,9.926701570680624,191,2.5720909188210532,3,1,167,191,4,1,114,191,5,99999,0,11145987247.581156,1321.2931937172775,191,7659.183427542582,6,2415,0,21131269.21465969,54.18848167539267,191,333.49243828450705,7,80,2,24371.73821989529,40.492146596858646,191,11.325736462610347,8,0,143,191,
1,70,17,27996.554973821985,34.3350785340314,191,12.13879274622914,2,15,2,1149.2984293193722,10.172774869109945,191,2.459459107543955,3,1,162,191,4,1,137,191,5,27828,0,2002167391.5183246,726.319371727749,191,3246.1859332537224,6,2258,0,33178118.14659687,96.40837696335076,191,417.87758309793674,7,65,3,23505.298429319373,40.82722513089006,191,11.122593986854763,8,0,138,191,
1,70,17,33525.17277486911,35.55497382198954,191,13.283383520868055,2,15,1,1405.298429319372,9.827225130890055,191,2.71961532624258,3,1,160,191,4,1,122,191,5,27828,0,4284820271.5916233,1390.471204188482,191,4748.861509873278,6,2467,0,30966725.685863882,86.51832460732984,191,403.7112418148703,7,86,2,25936.858638743448,39.37696335078531,191,11.683740082232918,8,0,142,191,
1,60,17,25437.17894736843,33.61052631578947,190,11.601217539498808,2,16,2,1522.3421052631577,10.236842105263165,190,2.838083884184451,3,1,158,190,4,1,131,190,5,99999,0,10475405688.863161,779.2421052631578,190,7444.82551341547,6,2258,0,35764266.57368422,101.95263157894733,190,435.0045099424682,7,99,2,33262.44210526316,40.3368421052632,190,13.266188494466093,8,0,137,190,
1,70,17,37230.198952879575,37.214659685863865,191,13.998157576676705,2,16,3,1339.193717277487,10.345549738219896,191,2.65488003225588,3,1,165,191,4,1,128,191,5,99999,0,39702525965.497375,2539.6492146596847,191,14455.471731365324,6,2824,0,40223266.63874345,102.83246073298433,191,460.1102078435205,7,80,4,29806.76439790575,41.21989528795811,191,12.525083127764011,8,0,138,191,
1,70,17,32201.79057591625,34.356020942408364,191,13.018567828079094,2,16,3,1165.2460732984293,10.062827225130894,191,2.4764640255799666,3,1,160,191,4,1,121,191,5,99999,0,11420648995.685844,1244.5183246073295,191,7752.978713027809,6,2603,0,28205932.397905767,74.23560209424085,191,385.29505029062,7,99,7,34206.99476439791,39.99476439790575,191,13.417779792106542,8,0,149,191,
1,70,17,36585.52879581149,34.53403141361256,191,13.876433789515135,2,16,2,1195.1727748691096,10.55497382198953,191,2.508063600793826,3,1,161,191,4,1,118,191,5,99999,0,20170364433.811527,1369.9685863874345,191,10303.388413989564,6,3770,0,53942321.623036645,143.2094240837696,191,532.8291995665395,7,99,2,31726.607329842926,38.62827225130887,191,12.922157089328335,8,0,143,191,
1,70,17,38311.968586387455,36.83769633507851,191,14.200068307172153,2,16,2,1416.6387434554986,9.83246073298429,191,2.7305664955477438,3,1,164,191,4,1,144,191,5,27828,0,1608060217.1099482,598.0994764397905,191,2909.205188173303,6,2415,0,27996899.7382199,78.50785340314135,191,383.86469476283946,7,99,3,26249.46596858641,40.884816753926714,191,11.753939086331512,8,0,146,191,
1,70,17,39121.979057591605,34.98952879581153,191,14.349395559907485,2,16,2,1152.9947643979058,9.994764397905755,191,2.463410947615335,3,1,164,191,4,1,117,191,5,20051,0,990136464.8691102,551.9738219895288,191,2282.8150498765085,6,2205,0,43005139.528795816,127.46596858638743,191,475.75502059909064,7,99,3,34687.51832460732,39.68062827225129,191,13.511694413321592,8,0,146,191,
1,70,17,37009.86387434557,36.23036649214661,191,13.956674289865681,2,16,2,1084.9738219895282,10.073298429319376,191,2.3896419264791517,3,1,168,191,4,1,137,191,5,99999,0,10204362835.298428,847.1727748691101,191,7328.517777651914,6,2051,0,33633212.43979058,98.1989528795811,191,420.7337728039492,7,99,3,30815.183246073284,41.141361256544485,191,12.735194343995426,8,0,143,191,
1,70,17,33482.42931937174,35.25654450261781,191,13.274912888875003,2,16,2,1251.287958115184,10.15706806282723,191,2.5662669571467176,3,1,165,191,4,1,112,191,5,15024,0,767622235.5287957,574.4659685863874,191,2010.004236089796,6,2205,0,31543494.46073298,94.8638743455497,191,407.453545693978,7,90,2,31770.42931937172,38.74345549738223,191,12.931078295773718,8,0,156,191,
1,70,17,37570.46842105262,36.42631578947367,190,14.099132852815332,2,16,3,1202.7157894736838,10.221052631578948,190,2.5226128529128022,3,1,157,190,4,1,147,190,5,99999,0,11574961365.94211,1234.1631578947374,190,7825.802312247705,6,2415,0,28741890.215789475,80.72105263157894,190,389.9660154490841,7,75,1,26857.473684210523,41.05263157894739,190,11.920697771783045,8,0,148,190,
1,70,17,33969.74869109948,34.502617801047116,191,13.371168647720614,2,16,1,1264.5759162303666,10.047120418848166,191,2.579857111741255,3,1,155,191,4,1,124,191,5,25236,0,1391321913.82199,718.0785340314135,191,2706.057448549934,6,1977,0,10872105.727748692,30.130890052356037,191,239.21038667544136,7,99,2,26585.497382198955,39.64921465968585,191,11.828933613501517,8,0,143,191,
1,70,17,34879.46596858638,31.884816753926692,191,13.549027148720695,2,15,1,1183.3193717277486,9.774869109947645,191,2.4955954586639115,3,1,169,191,4,1,131,191,5,27828,0,1168204426.9319363,397.43455497382223,191,2479.605684836472,6,1977,0,21533817.151832484,65.31413612565449,191,336.65394657791666,7,99,6,31437.518324607343,39.31937172774867,191,12.863149799372286,8,0,159,191,
1,70,17,29323.58115183247,34.29319371727749,191,12.423149264225378,2,16,2,1383.434554973822,10.246073298429325,191,2.6983762709937658,3,1,175,191,4,1,135,191,5,99999,0,11047466494.439795,1141.8010471204182,191,7625.258061013513,6,2057,0,33119097.895287964,102.14659685863876,191,417.5057383487647,7,99,1,29973.87434554974,41.67539267015708,191,12.560144640792567,8,0,144,191,
1,70,18,32291.07894736843,34.71052631578947,190,13.071046995661668,2,16,1,1220.8631578947363,10.242105263157896,190,2.5415730223651805,3,1,167,190,4,1,130,190,5,15024,0,689783825.8105265,433.7684210526315,190,1910.4056825746115,6,1977,0,15219482.5736842,46.04736842105262,190,283.7716737514968,7,99,6,28480.363157894742,39.742105263157875,190,12.275575430837172,8,0,152,190,
1,70,17,33809.62303664922,33.790575916230345,191,13.33961710107966,2,16,1,1250.6910994764396,10.109947643979057,191,2.5656548353366873,3,1,155,191,4,1,128,191,5,15024,0,1271138777.8219898,679.0785340314137,191,2586.542884585513,6,2205,0,25993950.397905774,71.76439790575917,191,369.87871694940173,7,99,10,34271.623036649195,41.790575916230395,191,13.43044911202843,8,0,146,191,
1,70,17,33164.879581151836,34.340314136125635,191,13.211812812613415,2,15,1,1294.9109947643974,9.73821989528796,191,2.6106169816876195,3,1,160,191,4,1,114,191,5,15024,0,948838873.591623,504.5287958115183,191,2234.7010557067724,6,2415,0,34332043.811518334,103.9685863874346,191,425.0823066525398,7,70,2,25730.366492146608,38.94240837696334,191,11.637138030358399,8,0,140,191,
1,70,17,33317.15183246073,34.31413612565443,191,13.242108242163019,2,15,3,946.460732984293,10.136125654450263,191,2.231898805695433,3,1,163,191,4,1,135,191,5,99999,0,30256807520.973816,1947.0732984293181,191,12619.285057939946,6,1977,0,27736596.910994772,87.261780104712,191,382.0760251641493,7,99,1,25256.55497382199,39.33507853403143,191,11.529494208521303,8,0,136,191,
1,70,17,33609.24210526315,34.46315789473683,190,13.33516695829584,2,16,1,1373.4947368421058,9.705263157894729,190,2.6957685211826887,3,1,167,190,4,1,127,190,5,99999,0,10526609766.442097,884.6631578947373,190,7462.998591088779,6,2824,0,32342456.715789475,90.37894736842101,190,413.67149963147295,7,99,2,32965.97894736842,39.41052631578947,190,13.206936398487553,8,0,157,190,
1,70,17,37229.581151832455,36.7068062827225,191,13.99804143289385,2,16,2,1398.3036649214653,9.905759162303669,191,2.7128385453747277,3,1,166,191,4,1,133,191,5,99999,0,11435493365.958117,1123.5968586387432,191,7758.015673434364,6,2258,0,30099009.95811519,82.40314136125657,191,398.01487646169306,7,99,3,43143.29842931936,40.17277486910996,191,15.06884175155011,8,0,148,191,
1,70,17,36851.24607329842,34.93717277486908,191,13.926734243948601,2,16,2,1293.2460732984298,10.062827225130896,191,2.608938151915076,3,1,158,191,4,1,129,191,5,99999,0,20296811383.591614,1550.528795811517,191,10335.633656023942,6,2042,0,32834562.429319385,101.25654450261777,191,415.7084152024133,7,90,3,31775.93717277486,39.25130890052355,191,12.932199139881503,8,0,139,191,
1,70,17,36340.198952879575,35.21465968586388,191,13.829830259809976,2,16,2,1509.2984293193717,9.827225130890056,191,2.818452757061251,3,1,163,191,4,1,130,191,5,99999,0,20528183811.979057,1487.0104712041887,191,10394.376974818,6,2258,0,42992912.32460729,126.586387434555,191,475.6873825518034,7,88,5,27296.397905759146,39.23560209424083,191,11.986044056967856,8,0,144,191,
1,70,17,38063.874345549746,34.324607329842905,191,14.154016418177962,2,16,2,1252.6910994764394,10.109947643979051,191,2.5677054055860844,3,1,161,191,4,1,133,191,5,99999,0,20587506259.717266,1532.4869109947635,191,10409.385001227261,6,3004,0,34199180.11518325,86.06806282722508,191,424.2589831892236,7,99,8,30425.298429319384,41.827225130890035,191,12.654372747315323,8,0,138,191,
1,70,18,38247.476439790575,35.94764397905758,191,14.188111487363113,2,16,2,1112.4397905759163,10.198952879581153,191,2.419699623132804,3,1,165,191,4,1,121,191,5,99999,0,20282453170.931942,1516.4345549738227,191,10331.977232418814,6,3770,0,32849803.214659676,76.81151832460735,191,415.80488348477553,7,99,6,27587.319371727746,40.77486910994765,191,12.049747621669738,8,0,146,191,
1,70,17,35382.596858638746,34.15183246073301,191,13.646398572254714,2,16,2,1112.554973821989,10.33507853403142,191,2.419824889077708,3,1,163,191,4,1,127,191,5,27828,0,2064707742.3246076,619.5863874345554,191,3296.495541380276,6,2258,0,41302542.858638726,129.6230366492146,191,466.2422165775545,7,99,1,29905.329842931955,40.61256544502617,191,12.54577509991059,8,0,148,191,
1,70,17,37922.99476439789,36.005235602094245,191,14.127799166406092,2,16,2,1291.4345549738212,10.24607329842932,191,2.6071102726095856,3,1,167,191,4,1,132,191,5,99999,0,11248861602.596859,1053.151832460733,191,7694.448307091924,6,2559,0,23643785.86387436,62.769633507853484,191,352.7619285451843,7,84,3,28765.591623036653,40.52879581151833,191,12.304383391603228,8,0,143,191,
1,70,17,34050.65263157894,35.28421052631578,190,13.4224507164626,2,16,4,994.7631578947368,10.342105263157896,190,2.294187684501463,3,1,159,190,4,1,127,190,5,99999,0,10854116004.294743,1015.3052631578947,190,7578.204616392242,6,2415,0,32299779.415789474,91.32105263157892,190,413.39848063006457,7,99,10,31592.742105263147,42.43684210526319,190,12.928935208914652,8,0,144,190,
1,70,17,31708.774869109948,34.30890052356019,191,12.918525023577159,2,16,2,1208.293193717278,10.277486910994767,191,2.521792588947371,3,1,168,191,4,1,125,191,5,15024,0,894180115.0366495,548.7958115183245,191,2169.3803566391575,6,2002,0,47597080.99476442,145.00523560209413,191,500.5106917979108,7,80,6,21340.554973821985,40.66492146596859,191,10.598052197858658,8,0,144,191,
1,70,17,31419.591623036646,35.47120418848168,191,12.85948178194568,2,16,2,1157.86387434555,10.230366492146596,191,2.4686069738401795,3,1,164,191,4,1,135,191,5,99999,0,10859885249.099468,1076.6178010471197,191,7560.244095578795,6,2002,0,24239675.905759156,73.89528795811516,191,357.17956493794367,7,99,2,28932.86910994765,40.973821989528794,191,12.340107717253066,8,0,142,191,
1,70,17,39743.72774869109,35.130890052356015,191,14.462970457924444,2,15,3,1084.1151832460735,9.93193717277487,191,2.388696168520737,3,1,175,191,4,1,128,191,5,99999,0,10857105216.554968,1162.3350785340308,191,7559.276356537035,6,2392,0,30777866.34554974,88.36649214659687,191,402.47828542635125,7,80,4,26897.455497382212,39.539267015706805,191,11.898132426955923,8,0,155,191,
1,70,17,31128.61052631577,34.83157894736842,190,12.833613793331157,2,16,3,1289.9157894736832,10.02105263157895,190,2.6124607685200796,3,1,160,190,4,1,130,190,5,15024,0,661225839.5789472,510.21052631578976,190,1870.4409682643357,6,2603,0,47097476.44210526,127.86315789473686,190,499.1923447411589,7,99,2,30971.91578947369,41.02105263157893,190,12.80127221469318,8,0,142,190,
1,70,17,33013.214659685866,33.81151832460733,191,13.18156900246582,2,16,1,1305.664921465969,9.958115183246067,191,2.621434843610379,3,1,170,191,4,1,132,191,5,99999,0,20069636121.82199,1332.0785340314133,191,10277.62928885174,6,2246,0,19048168.879581153,51.340314136125656,191,316.6283632570654,7,78,5,24962.439790575903,39.80104712041883,191,11.462166551558333,8,0,150,191,
1,70,17,40393.37172774871,35.54450261780106,191,14.58069591288223,2,16,2,1459.2460732984289,10.062827225130889,191,2.7713250424741522,3,1,168,191,4,1,132,191,5,99999,0,20267867231.09948,1492.6178010471208,191,10328.261491017709,6,2179,0,20634549.518324617,58.680628272251276,191,329.5495292087496,7,99,3,29738.86910994763,39.97382198952878,191,12.510809875326476,8,0,148,191,
1,70,17,33305.45549738221,35.53926701570683,191,13.239783647735855,2,15,1,1205.8115183246073,10.03141361256544,191,2.5192015425993164,3,1,164,191,4,1,142,191,5,99999,0,21138681191.94764,1627.1780104712034,191,10547.806255317948,6,2559,0,41974913.86387436,119.23036649214656,191,470.02191362057715,7,90,12,22237.79057591623,41.643979057591636,191,10.818549026146624,8,0,142,191,
1,70,17,34088.11052631579,34.331578947368406,190,13.429831464136472,2,15,1,1082.678947368421,9.889473684210527,190,2.3934201551308023,3,1,161,190,4,1,133,190,5,15024,0,402249073.16315794,258.85789473684196,190,1458.8701019652992,6,3004,0,29953129.07368421,79.65263157894736,190,398.098184385495,7,99,5,29752.71578947368,42.37894736842102,190,12.546783518650583,8,0,160,190,
1,70,17,31232.460732984306,33.863874345549746,191,12.821129914280752,2,16,1,1035.4659685863871,10.115183246073302,191,2.334485143944329,3,1,167,191,4,1,125,191,5,99999,0,11081011022.984291,1002.8743455497381,191,7636.825953711774,6,2415,0,27741434.460732993,76.8638743455498,191,382.10934271924253,7,84,1,28492.32460732985,39.41361256544503,191,12.245799410266073,8,0,148,191,
1,70,17,30853.099476439806,35.382198952879584,191,12.743026880868035,2,16,2,1197.811518324607,10.03141361256544,191,2.5108307687052265,3,1,168,191,4,1,116,191,5,99999,0,10717328667.84294,1033.2722513089006,191,7510.458906661233,6,2258,0,35093012.92146593,94.7591623036649,191,429.76745806042067,7,84,2,34311.727748691075,41.130890052356044,191,13.438304981752148,8,0,147,191,
1,70,17,32663.968586387447,33.83769633507853,191,13.111659854453261,2,16,3,1388.8691099476453,9.973821989528792,191,2.7036711007030942,3,1,162,191,4,1,134,191,5,15024,0,1271990115.8429317,667.272251308901,191,2587.40890085544,6,2457,0,26966221.549738213,82.39267015706804,191,376.7326397337075,7,79,4,29233.18324607329,40.141361256544506,191,12.403985617125628,8,0,151,191,
1,70,17,36863.97894736843,35.589473684210525,190,13.965940987202904,2,16,3,1185.1631578947367,10.142105263157898,190,2.504137484070232,3,1,165,190,4,1,124,190,5,99999,0,20432775761.07895,1595.7105263157896,190,10397.592253103281,6,1902,0,20907214.152631566,64.58421052631577,190,332.59612249957803,7,90,2,29915.71052631578,39.868421052631604,190,12.581104191561227,8,0,147,190,
1,70,17,29779.93717277486,34.748691099476446,191,12.519445332587908,2,16,3,1171.9371727748685,10.25130890052356,191,2.4835640485048143,3,1,163,191,4,1,128,191,5,99999,0,20989237524.92148,1824.759162303665,191,10510.455327139603,6,2472,0,17299380.93193718,48.56544502617801,191,301.74388697368033,7,99,15,26973.277486911004,42.45026178010473,191,11.914890614359965,8,0,144,191,
1,70,17,34950.59685863877,34.848167539267,191,13.562835609941946,2,16,2,1233.109947643979,10.099476439790568,191,2.547558116318633,3,1,160,191,4,1,124,191,5,99999,0,12597481183.90576,1336.104712041885,191,8142.636707287906,6,2415,0,22071090.492146604,64.41884816753925,191,340.8278658930233,7,99,5,30623.591623036642,40.47120418848168,191,12.695542446700824,8,0,144,191,
1,70,17,27548.23036649214,33.12041884816753,191,12.041207835571658,2,16,1,1360.1989528795807,10.214659685863873,191,2.6756199014921664,3,1,169,191,4,1,123,191,5,15024,0,594718897.3298428,386.3874345549737,191,1769.2087100256858,6,2057,0,21699308.64921465,65.42408376963354,191,337.9450955812875,7,99,2,30999.821989528788,42.078534031413604,191,12.773290799149027,8,0,142,191,
1,70,17,37694.95263157895,35.0157894736842,190,14.122471236220594,2,16,2,1227.0999999999995,9.900000000000002,190,2.548056630570166,3,1,161,190,4,1,120,190,5,99999,0,20525362334.46843,1571.373684210526,190,10421.122814335948,6,1980,0,22284263.41578948,70.67894736842105,190,343.37465782887614,7,99,5,27915.37368421053,40.75263157894739,190,12.153204921482555,8,0,151,190,
1,70,17,35443.214659685895,34.81151832460735,191,13.658083139700768,2,16,2,1255.9685863874345,10.162303664921467,191,2.5710622281435542,3,1,171,191,4,1,126,191,5,99999,0,20468341999.86388,1625.769633507853,191,10379.215567120536,6,2444,0,38700249.2774869,110.54973821989536,191,451.315324926031,7,99,8,24166.198952879593,40.21465968586384,191,11.277877495549836,8,0,144,191,
1,70,17,34247.28795811519,34.84293193717276,191,13.425680019651887,2,16,3,1252.9738219895285,10.073298429319372,191,2.567995144680531,3,1,166,191,4,1,125,191,5,99999,0,10608661225.298431,971.8272251308906,191,7472.286067899037,6,2444,0,30600867.214659676,88.18848167539271,191,401.3193190797446,7,99,4,24971.685863874336,40.51832460732984,191,11.464289144963965,8,0,144,191,
1,70,18,37405.4764397906,36.052356020942405,191,14.031070117082189,2,16,2,1278.3874345549734,10.303664921465973,191,2.5939072687184455,3,1,162,191,4,1,137,191,5,99999,0,11132560699.581156,1121.2931937172768,191,7654.5688797369685,6,2339,0,37193398.21989529,108.32984293193722,191,442.441778625316,7,99,2,44266.38743455498,40.69633507853403,191,15.263714701790576,8,0,139,191,
1,70,17,31751.91578947369,32.97894736842107,190,12.961464209018198,2,16,3,1248.4,10.199999999999996,190,2.5700760699424845,3,1,165,190,4,1,120,190,5,99999,0,10985904535.810524,1062.0315789473684,190,7624.07233868177,6,2559,0,53300814.36315785,152.74210526315787,190,531.0507422180663,7,80,2,31393.31052631579,40.731578947368426,190,12.888063163133122,8,0,133,190,
1,70,17,34047.18324607332,34.14136125654449,191,13.386399863111917,2,16,1,1477.968586387435,9.83769633507853,191,2.789046796598809,3,1,156,191,4,1,113,191,5,99999,0,20228240745.842937,1418.7277486910996,191,10318.159960870966,6,2415,0,27380159.999999996,68.00000000000004,191,379.6130994356726,7,75,6,24085.664921465966,39.041884816753935,191,11.259070009614463,8,0,154,191,
1,70,17,31807.968586387422,34.83769633507853,191,12.938715584670158,2,16,1,1213.8952879581154,10.14659685863875,191,2.527631810252555,3,1,168,191,4,1,113,191,5,99999,0,10805113941.874342,1057.3246073298433,191,7541.155133446538,6,2444,0,28836217.916230373,74.97905759162306,191,389.5761388742384,7,80,4,27855.214659685855,39.18848167539268,191,12.108112691320436,8,0,153,191,
1,70,17,39289.05759162305,35.56020942408377,191,14.380003951324955,2,16,1,1392.9947643979065,10.005235602094237,191,2.707683768752904,3,1,164,191,4,1,114,191,5,34095,0,1443816757.2460732,356.06282722513083,191,2756.6348260973955,6,2205,0,30696495.036649205,88.79581151832468,191,401.9458921209303,7,85,5,28009.31937172775,39.225130890052355,191,12.141559635298691,8,0,147,191,
1,70,17,34289.71052631579,34.13157894736842,190,13.46948550694408,2,16,4,1066.2947368421057,10.09473684210526,190,2.3752412707770714,3,1,150,190,4,1,125,190,5,15024,0,980840117.1631579,467.1421052631577,190,2278.075997314514,6,2444,0,14068760.110526314,39.068421052631585,190,272.83307017786336,7,72,5,24973.073684210533,39.652631578947364,190,11.49489734603241,8,0,153,190,
1,70,17,34084.146596858656,35.4083769633508,191,13.393664369642257,2,16,2,1418.4293193717278,10.256544502617794,191,2.7322916151790086,3,1,164,191,4,1,140,191,5,99999,0,21034795432.764412,1833.2198952879583,191,10521.85580808483,6,2339,0,25803652.659685876,71.08376963350791,191,368.5223171110171,7,99,4,33301.738219895306,40.507853403141354,191,13.23904476994098,8,0,139,191,
1,70,17,35226.57591623033,34.95287958115179,191,13.616278167621811,2,16,3,1206.6596858638752,9.916230366492142,191,2.5200873897377316,3,1,162,191,4,1,124,191,5,14344,0,523782592.3979059,343.2356020942405,191,1660.3464958570448,6,1977,0,29635228.230366483,92.12041884816759,191,394.93655873188226,7,80,4,22395.748691099474,40.502617801047144,191,10.856903864919431,8,0,149,191,
1,70,17,37070.46073298432,34.136125654450275,191,13.968095362945462,2,14,1,1058.146596858639,9.59162303664921,191,2.35991368804994,3,1,167,191,4,1,127,191,5,41310,0,3400724701.9581165,817.4031413612568,191,4230.667921609714,6,2444,0,30142492.19895287,81.78534031413609,191,398.3022668576749,7,90,8,29777.465968586377,39.884816753926714,191,12.518925876361081,8,0,149,191,
1,70,17,32730.973821989523,35.07329842931936,191,13.125101267176154,2,15,3,796.7748691099481,10.308900523560212,191,2.047816384025662,3,1,160,191,4,1,132,191,5,9386,0,362041761.9057589,309.89528795811515,191,1380.3923201027783,6,2174,0,47115588.63874344,144.16753926701585,191,497.9726722513756,7,90,4,32486.764397905743,41.7801047120419,191,13.076045675787974,8,0,144,191,
1,70,17,35406.659685863895,32.91623036649214,191,13.651038072319455,2,16,2,1207.8952879581152,9.853403141361259,191,2.5213773261517574,3,1,162,191,4,1,130,191,5,99999,0,20728507948.795822,1615.4293193717278,191,10444.970572329063,6,3175,0,35106463.19371728,86.65445026178007,191,429.8498097176518,7,99,5,44824.76439790576,40.78010471204189,191,15.359681397104454,8,0,153,191,
1,70,17,34948.69109947645,35.109947643979034,191,13.562465832986591,2,16,1,1407.0366492146588,9.795811518324616,191,2.7212967586241317,3,1,171,191,4,1,122,191,5,99999,0,10794285872.952877,1031.0157068062822,191,7537.3755983285255,6,2205,0,44122418.69109948,130.89005235602093,191,481.8954827231156,7,99,5,39113.10994764396,39.099476439790585,191,14.34776893487808,8,0,150,191,
1,70,17,32797.162303664925,33.287958115183244,191,13.138365336049215,2,16,2,1031.8952879581157,9.853403141361259,191,2.3304565714379883,3,1,170,191,4,1,123,191,5,99999,0,10796972682.732975,1125.7172774869102,191,7538.313605468008,6,2001,0,26876115.86387434,82.76963350785341,191,376.1027005869704,7,75,2,24521.95811518324,39.59685863874346,191,11.360587020411085,8,0,144,191,
1,70,17,35634.86842105263,34.97368421052633,190,13.731142609414077,2,16,4,1208.3421052631577,10.236842105263163,190,2.528506371811596,3,1,162,190,4,1,130,190,5,14084,0,499591705.4789472,343.4894736842108,190,1625.8358948649975,6,2339,0,27915795.79473684,74.59473684210528,190,384.3209898672929,7,99,1,35321.373684210506,40.35263157894736,190,13.670609900393357,8,0,144,190,
1,70,17,35420.49214659687,34.58115183246074,191,13.653704364634004,2,16,1,1353.6230366492143,10.20942408376963,191,2.6691443894697735,3,1,164,191,4,1,128,191,5,99999,0,10438976721.036634,950.2041884816748,191,7412.285932308472,6,1902,0,18350046.73298429,55.717277486911,191,310.77193137652614,7,99,5,31326.49214659685,39.581151832460726,191,12.840415665225674,8,0,152,191,
1,70,17,28727.958115183246,32.59685863874348,191,12.29633195524568,2,16,3,1162.6492146596852,10.424083769633503,191,2.4737029718512513,3,1,164,191,4,1,140,191,5,99999,0,21333267656.98431,2027.1256544502603,191,10596.24254579854,6,2547,0,48263251.19371726,134.34554973821983,191,504.0011027228813,7,84,3,23839.277486911,41.549738219895296,191,11.201333916550203,8,0,135,191,
1,70,17,39737.46596858638,35.88481675392669,191,14.461831064197991,2,15,2,1369.298429319372,10.172774869109945,191,2.684554681604197,3,1,160,191,4,1,121,191,5,15024,0,1142832306.2198951,629.6701570680633,191,2452.530708236199,6,2377,0,37391343.52879581,103.46596858638745,191,443.61756602776563,7,99,8,37513.38219895287,39.732984293193724,191,14.051293665662936,8,0,151,191,
1,70,17,31679.999999999993,33.999999999999986,190,12.946777499402993,2,16,2,1089.9999999999995,9.999999999999998,190,2.401498650258993,3,1,152,190,4,1,109,190,5,99999,0,20565155393.578957,1502.2105263157882,190,10431.219775163989,6,2559,0,37229810.552631594,97.1842105263158,190,443.8278096481769,7,80,3,22425.810526315803,39.9684210526316,190,10.892891358579643,8,0,143,190,
1,70,17,32873.47643979059,33.947643979057574,191,13.153641969109902,2,16,3,1149.476439790576,10.05235602094241,191,2.459649568312073,3,1,162,191,4,1,127,191,5,15024,0,743237690.7329843,372.71727748691086,191,1977.8213568589267,6,2339,0,35275795.17277488,99.55497382198956,191,430.8852281718531,7,99,5,33566.39790575915,41.23560209424086,191,13.291548146682329,8,0,153,191,
1,70,17,31833.15183246072,34.68586387434556,191,12.943836540275537,2,16,1,1535.2879581151842,10.157068062827221,191,2.8426155099570427,3,1,166,191,4,1,119,191,5,20051,0,971760237.9476429,516.1780104712043,191,2261.532128479604,6,2205,0,22414056.931937173,65.565445026178,191,343.46574893925913,7,80,2,26133.24607329842,40.06282722513089,191,11.72788985221899,8,0,148,191,
1,70,17,32921.581151832455,34.29319371727748,191,13.163262503896464,2,16,2,1494.3664921465966,10.057591623036652,191,2.8044762079168297,3,1,169,191,4,1,132,191,5,99999,0,21293543952.659687,1798.0837696335063,191,10586.37255916146,6,2001,0,21169373.329842933,62.6125654450262,191,333.7929813036733,7,70,2,23179.434554973835,39.753926701570705,191,11.045226297978077,8,0,139,191,
1,70,17,35244.65263157898,36.71578947368422,190,13.655754960943314,2,16,1,1826.5736842105266,9.847368421052636,190,3.108763585023622,3,1,160,190,4,1,126,190,5,99999,0,30325872167.873684,2301.1473684210514,190,12667.057673136636,6,3004,0,30888523.37368421,77.24736842105264,190,404.2664227975207,7,99,7,30927.394736842103,41.39473684210527,190,12.792068213922281,8,0,139,190,
1,70,17,36667.71727748691,35.513089005235585,191,13.892011577557216,2,16,2,1500.7434554973822,9.963350785340316,191,2.810453658357614,3,1,165,191,4,1,146,191,5,99999,0,21426266715.298424,1707.1727748691096,191,10619.313763956696,6,2415,0,36529792.34554972,102.36649214659685,191,438.4769834057171,7,99,1,28297.947643979063,40.82198952879583,191,12.203957003663124,8,0,141,191,
1,70,17,30691.277486910985,34.54973821989529,191,12.709564878657124,2,16,1,1374.9528795811525,10.01570680628273,191,2.6900918391494923,3,1,156,191,4,1,126,191,5,99999,0,20416605918.93194,1636.4345549738214,191,10366.089939121575,6,2444,0,39338913.75916233,116.39790575916236,191,455.0240812549452,7,96,5,31569.183246073317,39.858638743455515,191,12.890058030589499,8,0,143,191,
1,70,18,31984.85863874346,33.623036649214626,191,12.974643010755422,2,16,2,1269.8324607329844,10.193717277486916,191,2.5852134806819955,3,1,166,191,4,1,143,191,5,27828,0,1757861765.1832464,793.1413612565442,191,3041.6942691993627,6,2377,0,27074579.2460733,78.0628272251309,191,377.4887885827193,7,80,8,24969.581151832474,41.29319371727748,191,11.4638060070615,8,0,153,191,
1,70,17,33256.442105263166,33.66315789473684,190,13.264991938895347,2,16,2,1255.9789473684202,9.989473684210523,190,2.577865639616923,3,1,158,190,4,1,124,190,5,99999,0,30614143285.39474,2139.6052631578946,190,12727.120416756403,6,2057,0,25936335.768421065,81.67368421052633,190,370.4447189257874,7,99,5,33231.07894736841,41.71052631578948,190,13.259932674653397,8,0,140,190,
1,70,17,31355.58115183246,33.70680628272251,191,12.846375927993417,2,16,3,1112.3664921465966,10.057591623036648,191,2.4196199050640343,3,1,167,191,4,1,123,191,5,99999,0,11170199392.554962,1183.6649214659685,191,7667.49783949825,6,2415,0,30700032.85863876,86.37696335078536,191,401.9690539191109,7,70,8,21094.994764397903,38.994764397905755,191,10.536901263354098,8,0,149,191,
1,70,17,38217.59162303663,35.47120418848169,191,14.182567435715363,2,16,3,1423.9162303664925,10.020942408376962,191,2.7375711770285225,3,1,156,191,4,1,128,191,5,99999,0,11012150145.036646,1190.7958115183255,191,7613.060158298836,6,1977,0,16061222.869109947,50.973821989528815,191,290.7451666712345,7,99,1,36976.58638743456,40.81675392670159,191,13.950398294150782,8,0,144,191,
1,70,17,34038.43979057592,35.80104712041884,191,13.38468091171001,2,16,1,1540.6387434554983,9.832460732984295,191,2.847564742996242,3,1,164,191,4,1,125,191,5,27828,0,1388534659.759162,459.3979057591622,191,2703.345548875905,6,2559,0,41564498.93193719,119.4345549738219,191,467.71842030692596,7,89,4,32484.79581151834,41.429319371727736,191,13.075649488048654,8,0,148,191,
1,70,18,29553.268421052635,34.82631578947368,190,12.50465911499746,2,16,1,1333.1789473684212,10.189473684210526,190,2.6559097997453116,3,1,164,190,4,1,122,190,5,99999,0,20892083083.915783,1671.0210526315793,190,10513.806263058139,6,2444,0,36958335.1631579,102.45789473684206,190,442.2066789353315,7,80,5,27478.294736842105,39.69473684210528,190,12.057686463017456,8,0,143,190,
1,70,17,31105.52879581153,34.53403141361255,191,12.795050193400556,2,16,1,1435.4764397905751,10.052356020942407,191,2.7486613390507935,3,1,164,191,4,1,131,191,5,99999,0,10724528361.664927,956.9581151832465,191,7512.981173543957,6,2415,0,36851938.86910996,108.97382198952882,191,440.4061455013038,7,80,5,27250.115183246067,40.06806282722512,191,11.97587820826472,8,0,146,191,
1,70,17,34804.86910994764,35.97382198952881,191,13.53453071337545,2,16,1,1178.8795811518326,10.340314136125654,191,2.490909346901916,3,1,164,191,4,1,129,191,5,99999,0,11079709081.162308,1201.287958115183,191,7636.3773035325385,6,2339,0,25373527.62303665,70.79057591623041,191,365.43793211229274,7,99,3,44468.87958115181,41.340314136125656,191,15.298586033932715,8,0,138,191,
1,70,17,33471.17277486912,34.445026178010494,191,13.27268123764574,2,16,2,1350.19895287958,10.214659685863877,191,2.6657663585381184,3,1,164,191,4,1,122,191,5,10520,0,599250412.910995,435.2617801047121,191,1775.9362436857962,6,2415,0,24550026.21989529,69.3298429319372,191,359.4588492654456,7,90,4,23303.151832460735,41.31413612565445,191,11.074663314939512,8,0,139,191,
1,70,17,33488.67894736842,34.110526315789464,190,13.311227497841955,2,16,2,1224.442105263158,10.336842105263154,190,2.5452955933401973,3,1,158,190,4,1,125,190,5,15024,0,822554799.794737,582.1947368421056,190,2086.1787550101626,6,2377,0,28866647.452631585,85.88421052631575,190,390.81144354465636,7,70,2,23417.078947368424,39.28947368421051,190,11.131032683916391,8,0,132,190,
1,70,17,32212.649214659676,33.424083769633505,191,13.020762613016359,2,16,2,1137.246073298429,10.062827225130892,191,2.4465293067811595,3,1,166,191,4,1,144,191,5,99999,0,10919315847.98953,1168.298429319371,191,7580.902545902514,6,2051,0,33225771.193717267,102.6544502617801,191,418.1775698993587,7,90,5,31999.319371727746,41.77486910994765,191,12.977575674120127,8,0,139,191,
1,70,17,36061.15183246074,35.68586387434555,191,13.776630065452135,2,16,2,1209.5811518324606,10.293193717277486,191,2.5231362604092347,3,1,156,191,4,1,134,191,5,99999,0,10746573044.345556,1059.3664921465966,191,7520.6988212341985,6,1977,0,27881115.664921455,83.95811518324602,191,383.0701163310738,7,99,7,32069.246073298447,42.06282722513086,191,12.991747597953832,8,0,137,191,
1,60,17,31055.193717277503,33.34554973821985,191,12.784693503782993,2,15,2,1267.916230366492,9.97905759162304,191,2.583262146534567,3,1,157,191,4,1,123,191,5,27828,0,1883779245.3717284,714.4554973821994,191,3148.7501658943384,6,4356,0,52605548.36649217,122.0575916230367,191,526.1856204725326,7,99,3,31572.795811518336,39.57068062827226,191,12.890795535354172,8,0,145,191,
1,70,17,32498.715789473667,33.62105263157894,190,13.113004125408578,2,16,2,1229.7947368421057,10.19473684210526,190,2.5508528886398056,3,1,172,190,4,1,127,190,5,15024,0,732583173.3947366,463.6052631578947,190,1968.781716324336,6,3004,0,39756397.242105305,111.06315789473682,190,458.6407179473791,7,99,10,30193.978947368392,40.98947368421055,190,12.639481886811204,8,0,148,190,
1,60,17,29616.345549738235,33.36649214659687,191,12.485011129084313,2,16,3,1086.2931937172773,9.722513089005233,191,2.391094435297775,3,1,161,191,4,1,142,191,5,99999,0,10581701309.382198,1014.267015706806,191,7462.78532360553,6,2051,0,25195315.277486924,75.45026178010465,191,364.15233421342924,7,84,4,24592.492146596873,40.41884816753927,191,11.376913869438193,8,0,147,191,
1,70,17,37912.9109947644,34.26178010471202,191,14.12592074218702,2,16,3,1207.9476439790578,9.82198952879581,191,2.521431969900665,3,1,167,191,4,1,123,191,5,99999,0,10516469491.581154,1020.7068062827229,191,7439.747269186937,6,2415,0,40995915.51832461,118.68062827225131,191,464.50831683860605,7,90,2,31746.994764397914,38.00523560209421,191,12.926308294652811,8,0,151,191,
1,70,17,30553.821989528802,33.92146596858642,191,12.681072092633675,2,16,3,1017.8952879581151,10.146596858638748,191,2.3145936189387943,3,1,161,191,4,1,124,191,5,15024,0,1347893965.8219893,733.9214659685862,191,2663.489960086982,6,2057,0,38146683.82198953,115.07853403141362,191,448.0759088767598,7,99,2,35863.93717277491,40.74869109947644,191,13.738906945868596,8,0,142,191,
1,70,17,30583.476439790567,35.052356020942405,191,12.687224498391362,2,16,2,1402.3874345549727,10.303664921465966,191,2.716797102777046,3,1,173,191,4,1,122,191,5,99999,0,11573324134.230362,1224.1204188481672,191,7804.628901198504,6,2824,0,36842424.2303665,90.87958115183253,191,440.34928857589557,7,96,2,28086.303664921463,39.90575916230367,191,12.158233871249873,8,0,142,191,
1,70,17,31993.664921465966,34.95811518324606,191,12.976429020072462,2,16,2,1363.497382198952,10.350785340314138,191,2.6788620740107976,3,1,169,191,4,1,118,191,5,99999,0,12077354107.790577,1498.643979057592,191,7972.7675006832105,6,2415,0,37718694.99476437,113.99476439790574,191,445.55521244943947,7,99,1,34410.198952879575,40.785340314136135,191,13.457574457468684,8,0,146,191,
1,70,17,29776.21989528795,32.670157068062814,191,12.518663938987459,2,16,2,1232.5968586387437,9.848167539267019,191,2.547028050016791,3,1,159,191,4,1,130,191,5,27828,0,1481291846.7329845,581.7172774869111,191,2792.1806670668757,6,2057,0,23057607.717277482,69.51308900523563,191,348.36163693916427,7,84,3,30457.811518324612,40.96858638743455,191,12.661132301223176,8,0,149,191,
1,70,17,32790.931937172776,33.56544502617799,191,13.137117351265054,2,15,2,1141.465968586387,10.115183246073293,191,2.451064181970533,3,1,167,191,4,1,130,191,5,20051,0,1501890325.3298435,779.6125654450262,191,2811.527329191137,6,1977,0,13288003.371727753,38.45549738219896,191,264.4557805214299,7,91,5,28478.732984293187,41.28272251308901,191,12.242878270177531,8,0,152,191,
1,70,17,31654.678947368433,32.88947368421053,190,12.941602443113457,2,16,3,1055.6631578947367,9.957894736842109,190,2.3633703378735222,3,1,167,190,4,1,127,190,5,20051,0,919398850.7157899,501.778947368421,190,2205.57116948908,6,2472,0,19008123.39473685,51.394736842105246,190,317.1310162277322,7,99,2,32733.24210526316,40.93684210526317,190,13.160233932977961,8,0,139,190,
1,70,17,29136.19895287958,34.214659685863886,191,12.383392731455764,2,16,3,1256.9528795811511,10.015706806282727,191,2.572069491961627,3,1,161,191,4,1,137,191,5,15024,0,1589229921.6649227,765.0418848167541,191,2892.1217140298145,6,1902,0,26164762.586387433,83.18324607329843,191,371.09200580241577,7,80,5,24367.277486911,40.45026178010473,191,11.324699946509794,8,0,136,191,
1,70,17,36010.397905759164,34.7643979057592,191,13.76693175803205,2,16,2,1315.1099476439788,10.099476439790573,191,2.630899333571956,3,1,159,191,4,1,129,191,5,15024,0,1148888449.8219893,675.9214659685867,191,2459.0203974047417,6,2415,0,31160553.162303664,86.71204188481676,191,404.97272918129386,7,84,5,29101.099476439776,39.61780104712043,191,12.37593153887602,8,0,138,191,
1,70,17,34116.43979057592,35.198952879581164,191,13.400007814329205,2,16,2,1586.1989528795816,9.785340314136123,191,2.8893624801107047,3,1,162,191,4,1,124,191,5,15024,0,939464839.5916232,538.5287958115183,191,2223.634814290407,6,1980,0,21437489.518324617,60.319371727748695,191,335.9001223603655,7,95,6,27790.76439790576,41.21989528795812,191,12.094096950231929,8,0,149,191,
1,70,17,33443.4947368421,34.705263157894734,190,13.302244457321446,2,16,1,1175.6631578947365,9.957894736842103,190,2.4940809908383166,3,1,159,190,4,1,131,190,5,99999,0,39696248163.794785,2526.405263157893,190,14492.517347503755,6,2754,0,35906702.21578947,99.87894736842107,190,435.86987898487945,7,90,5,30038.97368421053,40.55263157894734,190,12.606996815242185,8,0,143,190,
1,70,17,32023.319371727746,33.22513089005239,191,12.982441456328164,2,16,2,1474.0000000000002,9.999999999999998,191,2.7852997570893705,3,1,159,191,4,1,126,191,5,99999,0,21079466447.727745,1744.869109947643,191,10533.022370203087,6,2377,0,42433335.27748691,115.54973821989532,191,472.58157345131497,7,99,5,30681.476439790586,41.94764397905761,191,12.70753536081117,8,0,140,191,
1,60,17,32590.324607329847,34.58638743455497,191,13.096870780805025,2,15,2,1281.1832460732983,9.85863874345549,191,2.5967421350945217,3,1,165,191,4,1,122,191,5,27828,0,1467891147.9476442,615.8219895287956,191,2779.522060343283,6,2392,0,28853897.73821989,75.49214659685866,191,389.6955474146985,7,75,6,20186.93193717277,40.434554973821974,191,10.307619036210358,8,0,150,191,
1,70,17,32862.64921465968,33.575916230366474,191,13.151475645573145,2,16,2,1440.4293193717272,9.743455497382207,191,2.7533991617747184,3,1,161,191,4,1,126,191,5,15024,0,1130662439.3193712,453.22513089005247,191,2439.4374236258172,6,2174,0,32354383.05759162,95.56020942408375,191,412.6575173420488,7,99,4,35641.90575916231,40.10471204188482,191,13.696312557758079,8,0,153,191,
1,70,17,36722.4,35.19999999999997,190,13.939096552446026,2,15,2,1232.3421052631572,9.763157894736837,190,2.553493410854229,3,1,165,190,4,1,136,190,5,99999,0,21699143207.242107,1842.9368421052632,190,10714.955973768605,6,2377,0,18184479.373684205,50.35263157894739,190,310.18410110826073,7,96,3,33686.363157894746,40.74210526315792,190,13.350457883651288,8,0,147,190,
1,70,17,31677.68586387434,34.518324607329816,191,12.912190458688405,2,16,3,1350.429319371727,10.256544502617803,191,2.665993760970833,3,1,153,191,4,1,130,191,5,99999,0,20318593328.596855,1449.1518324607318,191,10341.178118925902,6,2603,0,33846553.7382199,94.4921465968586,191,422.0660570538063,7,70,5,23561.64397905759,40.52356020942408,191,11.135917228560732,8,0,147,191,
1,70,17,33455.95811518326,34.59685863874348,191,13.269664279095831,2,16,1,1281.4345549738216,10.24607329842932,191,2.596996802962811,3,1,160,191,4,1,125,191,5,99999,0,11318816960.732988,1260.2827225130886,191,7718.3366631653935,6,2547,0,21079773.298429318,53.827225130890085,191,333.08583766784676,7,99,7,33984.87958115184,40.34031413612566,191,13.374146225805228,8,0,147,191,
1,70,17,37089.82198952882,34.07853403141358,191,13.97174253336257,2,16,2,1425.03664921466,10.204188481675395,191,2.7386480041442844,3,1,152,191,4,1,126,191,5,99999,0,11271247160.429316,1163.2565445026178,191,7702.100588537114,6,2603,0,40417245.214659676,117.18848167539272,191,461.21832491245505,7,70,8,22563.05759162304,39.43979057591624,191,10.897382010958083,8,0,134,191,
1,70,17,31759.163157894727,34.14210526315788,190,12.962943350424753,2,16,2,1541.6631578947365,10.042105263157893,190,2.856037101539295,3,1,163,190,4,1,135,190,5,99999,0,10939744888.000002,1102.0000000000005,190,7608.03838611873,6,2824,0,54742960.55263158,155.18421052631592,190,538.1870436282052,7,99,5,27880.363157894717,41.74210526315788,190,12.145581459262043,8,0,144,190,
1,70,17,34217.82198952881,34.92146596858642,191,13.419903127254253,2,16,1,1095.9057591623045,10.10471204188482,191,2.401650484192622,3,1,154,191,4,1,104,191,5,99999,0,10626459889.382206,911.2670157068064,191,7478.551748828535,6,2457,0,30480387.10994764,92.09947643979056,191,400.52851340741773,7,99,4,34398.596858638724,39.848167539266996,191,13.455305519549318,8,0,152,191,
1,70,17,30840.79581151832,33.57068062827224,191,12.740485781765136,2,16,1,1333.9685863874342,10.16230366492147,191,2.649695698901285,3,1,163,191,4,1,128,191,5,99999,0,20967709545.97907,1631.0104712041878,191,10505.063828053058,6,2042,0,28877162.91099477,81.26178010471205,191,389.85262337530065,7,84,6,18423.75916230366,40.60209424083768,191,9.847190131494807,8,0,143,191,
1,70,17,35582.9947643979,34.00523560209424,191,13.684988849561424,2,16,2,1409.8429319371735,10.272251308900525,191,2.7240091698751807,3,1,165,191,4,1,135,191,5,15024,0,650507265.4973822,444.64921465968575,191,1850.3303623910574,6,2559,0,32965150.2198953,100.6701570680628,191,416.53426105307096,7,99,3,31541.863874345552,40.230366492146594,191,12.884479417693855,8,0,146,191,
1,70,17,31849.97894736842,35.01052631578944,190,12.981463982499564,2,16,3,1278.7157894736845,10.378947368421054,190,2.60109438656064,3,1,165,190,4,1,132,190,5,99999,0,11380167905.710526,1058.131578947369,190,7759.673227761784,6,2444,0,10583754.67894737,29.11052631578947,190,236.64044879312695,7,99,4,26297.24210526316,39.46315789473683,190,11.795713082208914,8,0,136,190,
1,70,17,36579.03664921464,36.20418848167538,191,13.87520253986162,2,16,1,1508.5863874345544,10.183246073298427,191,2.817787847748426,3,1,162,191,4,1,132,191,5,99999,0,11106971179.172785,1266.5549738219897,191,7645.766348004484,6,2754,0,47829548.397905774,127.76439790575917,191,501.73146727321745,7,99,6,34954.63874345548,40.832460732984295,191,13.563619828802782,8,0,138,191,
1,70,17,31323.84293193719,34.27225130890053,191,12.839872710456364,2,16,1,1358.9842931937171,10.12565445026178,191,2.6744249683896313,3,1,163,191,4,1,122,191,5,99999,0,21270013838.77487,1743.3089005235615,191,10580.521785654517,6,2824,0,37639910.19895285,97.21465968586391,191,445.08964324145364,7,99,4,33244.97382198952,41.07329842931939,191,13.227756666628087,8,0,139,191,
1,70,17,33821.8219895288,35.078534031413604,191,13.342023437941211,2,16,2,1180.7434554973822,10.03664921465969,191,2.492877702467553,3,1,165,191,4,1,140,191,5,15024,0,1362498645.6858647,677.5183246073296,191,2677.880785921923,6,2377,0,38152150.69109947,109.89005235602092,191,448.1080150042508,7,72,5,20103.15183246074,39.31413612565445,191,10.286207380570797,8,0,153,191,
1,70,17,33328.468421052625,35.42631578947365,190,13.279348732407481,2,16,1,1570.5526315789477,10.184210526315786,190,2.882672767326617,3,1,159,190,4,1,129,190,5,99999,0,12137725324.442104,1550.663157894737,190,8013.786178354903,6,2559,0,29086437.07894736,85.71052631578944,190,392.2964344487507,7,99,4,32538.215789473692,41.72105263157896,190,13.120970692063038,8,0,146,190,
1,70,17,28999.214659685855,32.81151832460731,191,12.354248078183227,2,16,1,1344.9214659685865,9.759162303664928,191,2.6605514525025846,3,1,162,191,4,1,138,191,5,99999,0,10530168211.727747,933.1308900523562,191,7444.591188000979,6,1977,0,19597561.29842931,61.82722513089003,191,321.1620454932641,7,80,1,28447.895287958105,39.85340314136124,191,12.236247981855538,8,0,148,191,
1,70,17,34089.790575916224,34.64397905759166,191,13.394773249277462,2,16,2,1107.916230366492,10.020942408376968,191,2.4147749490502184,3,1,163,191,4,1,124,191,5,99999,0,19938813232.764397,1264.219895287958,191,10244.077424429559,6,2258,0,43505914.74345549,128.03664921465966,191,478.5169784341677,7,86,6,26817.151832460724,39.685863874345564,191,11.880357923117142,8,0,156,191,
1,70,17,31167.87434554975,33.32460732984293,191,12.807866486029047,2,16,1,1007.821989528796,9.921465968586386,191,2.3031122987552894,3,1,163,191,4,1,115,191,5,99999,0,20705368318.460724,1553.8638743455504,191,10439.138984070509,6,2415,0,24181932.649214663,68.5759162303665,191,356.75387837094183,7,85,10,24335.738219895284,40.507853403141354,191,11.317368631280461,8,0,151,191,
1,70,17,30255.81052631579,35.23157894736843,190,12.65241690659893,2,16,1,1389.2421052631585,10.063157894736841,190,2.7111782179404402,3,1,170,190,4,1,123,190,5,99999,0,11351824184.952631,1265.0157894736847,190,7750.003988718083,6,2377,0,27008693.8736842,78.25263157894737,190,378.0253195075765,7,99,8,24285.268421052628,41.173684210526304,190,11.335496623848165,8,0,135,190,
1,70,17,40941.790575916246,36.35602094240836,191,14.67934291084911,2,16,2,1421.4869109947642,9.910994764397905,191,2.735234918223146,3,1,158,191,4,1,126,191,5,99999,0,21077092719.947643,1762.1780104712032,191,10532.429299411075,6,2444,0,45107887.73821989,124.49214659685863,191,487.2473042145182,7,80,1,32707.057591623034,39.56020942408378,191,13.120305193743144,8,0,135,191,
1,70,18,34351.486910994776,34.91099476439792,191,13.446088633188145,2,16,1,1223.7172774869105,10.513089005235605,191,2.5378371204494403,3,1,166,191,4,1,136,191,5,99999,0,31049605529.036636,2656.2041884816745,191,12783.543189140242,6,2051,0,27635904.85863874,79.37696335078529,191,381.3818700920912,7,70,8,22992.649214659697,41.42408376963352,191,11.000633765154218,8,0,140,191,
1,70,17,38394.87958115184,35.34031413612568,191,14.215425198882013,2,16,2,1222.9214659685865,10.240837696335078,191,2.537011779289903,3,1,170,191,4,1,128,191,5,99999,0,21148434621.643986,1751.4764397905763,191,10550.239364120205,6,2415,0,23059124.198952883,62.214659685863886,191,348.3730924934304,7,90,9,29605.86387434556,41.23036649214659,191,12.482801615853955,8,0,126,191,
1,70,17,34824.79581151832,35.570680628272235,191,13.538404596110693,2,16,3,1221.2146596858636,9.811518324607329,191,2.5352407335979,3,1,165,191,4,1,121,191,5,99999,0,10889243869.036633,1102.7958115183253,191,7570.4563823480885,6,3900,0,55907050.32460731,140.41361256544505,191,542.4459726898218,7,99,5,31332.29319371728,40.27748691099476,191,12.841604505774288,8,0,149,191,
1,70,17,36344.49214659687,35.41884816753925,191,13.830647156643195,2,16,2,1163.8324607329835,10.193717277486916,191,2.474961414619995,3,1,162,191,4,1,130,191,5,99999,0,11002344490.460732,1157.1361256544506,191,7609.669918306759,6,1977,0,8255221.9790575905,25.98952879581152,191,208.44312589260903,7,99,1,37534.21989528793,41.32984293193717,191,14.055195685748147,8,0,142,191,
1,70,17,37831.48691099475,34.089005235602095,191,14.110743743872451,2,16,3,1331.3193717277486,10.225130890052354,191,2.6470632900867694,3,1,162,191,4,1,122,191,5,20051,0,2329487543.9581156,945.5968586387434,191,3501.494075059144,6,2377,0,26358927.486911003,72.08900523560206,191,372.46637069610944,7,99,8,29880.397905759164,40.76439790575918,191,12.540544331709631,8,0,136,191,
1,70,17,33124.69109947646,33.10994764397904,191,13.20380549201361,2,16,2,1230.4293193717274,9.743455497382197,191,2.5447875719138104,3,1,165,191,4,1,130,191,5,99999,0,10898578098.879585,1194.340314136126,191,7573.700374488294,6,2377,0,20483998.230366483,53.12041884816753,191,328.3451187423514,7,99,2,35457.18324607331,38.85863874345549,191,13.66077427991187,8,0,159,191,
1,70,17,33858.74210526316,35.43684210526317,190,13.38457259779822,2,16,1,1464.0000000000002,9.999999999999993,190,2.78316937070523,3,1,162,190,4,1,135,190,5,15024,0,1321398434.8684218,621.973684210526,190,2644.149411514964,6,3683,0,30288536.210526325,68.6315789473684,190,400.3208779800276,7,90,1,33072.363157894746,40.05789473684211,190,13.22822922595725,8,0,145,190,
1,70,17,28677.968586387433,31.837696335078544,191,12.285628871590585,2,16,3,1093.1518324607334,10.314136125654448,191,2.398631004794559,3,1,162,191,4,1,122,191,5,99999,0,20192474067.193707,1306.345549738219,191,10309.033868458262,6,2824,0,43602417.91623037,115.97905759162299,191,479.0473985791208,7,99,4,28177.623036649195,39.79057591623033,191,12.177983377401159,8,0,146,191,
1,70,17,27567.59162303666,35.52879581151834,191,12.045438451532872,2,16,1,1343.1937172774872,10.345549738219896,191,2.658841969213276,3,1,166,191,4,1,135,191,5,15024,0,1202329457.73822,708.5078534031416,191,2515.561523312356,6,2002,0,7833640.638743457,20.832460732984284,191,203.05094821825872,7,99,4,24331.183246073295,40.14136125654449,191,11.316309433285193,8,0,143,191,
1,70,17,29934.58638743456,34.183246073298434,191,12.551910399246331,2,16,2,1474.387434554974,9.69633507853403,191,2.785665785064463,3,1,158,191,4,1,129,191,5,99999,0,20790216090.691113,1653.1099476439779,191,10460.506199558693,6,2415,0,25987003.18324606,66.14136125654457,191,369.82928624495514,7,84,2,26351.59162303664,40.471204188481664,191,11.776781711896783,8,0,140,191,
1,70,17,27698.863157894757,33.757894736842076,190,12.10598329435708,2,16,1,1111.8736842105259,10.252631578947367,190,2.4254751175980838,3,1,160,190,4,1,120,190,5,99999,0,19907845675.24211,1217.936842105263,190,10263.163099172829,6,2339,0,27750190.210526314,84.36842105263155,190,383.17933559926996,7,99,6,36049.942105263144,40.83684210526315,190,13.810881015322003,8,0,141,190,
1,70,17,29851.05759162304,33.43979057591621,191,12.53438588162958,2,16,3,1155.9685863874342,10.16230366492146,191,2.4665857356906957,3,1,160,191,4,1,131,191,5,99999,0,10262930356.879585,838.6596858638741,191,7349.518550962722,6,2415,0,26493342.774869103,71.69109947643982,191,373.4148446212625,7,80,2,23547.03664921467,40.20418848167539,191,11.13246476922213,8,0,154,191,
1,70,17,37338.39790575914,34.235602094240825,191,14.018483645334891,2,16,1,1419.842931937173,9.727748691099478,191,2.733652782727067,3,1,162,191,4,1,128,191,5,25236,0,2368129611.947644,785.1780104712045,191,3530.4164149406424,6,1977,0,18506148.596858654,55.84816753926703,191,312.0909836709958,7,91,5,33777.183246073306,40.14136125654453,191,13.33321599103321,8,0,158,191,
1,70,17,28423.94764397906,32.82198952879582,191,12.23109661649335,2,16,1,1133.8219895287957,10.078534031413604,191,2.4428434570014335,3,1,164,191,4,1,122,191,5,15024,0,606617639.7172776,397.48691099476423,191,1786.8196382300646,6,2457,0,34336821.46596857,93.11518324607327,191,425.1118828952938,7,80,7,26261.214659685855,41.81151832460733,191,11.756569196049693,8,0,147,191,
1,70,17,33655.26315789474,34.15789473684208,190,13.34429374071916,2,16,1,1396.7421052631582,10.036842105263167,190,2.718486687316537,3,1,151,190,4,1,126,190,5,99999,0,12410511041.578947,1448.2105263157896,190,8103.337558381349,6,2377,0,16321670.973684214,47.55263157894738,190,293.8673977830999,7,80,8,26686.573684210533,40.95263157894737,190,11.882710236388014,8,0,142,190,
1,70,17,36181.832460732985,34.19371727748688,191,13.79966293652684,2,16,3,1286.1989528795818,10.214659685863879,191,2.6018201653939173,3,1,171,191,4,1,126,191,5,99999,0,11248276338.58639,1096.183246073298,191,7694.248138292173,6,2415,0,28424350.73298429,79.717277486911,191,386.78397842086895,7,84,3,29044.659685863884,39.91623036649218,191,12.363924535745088,8,0,132,191,
1,70,17,35086.58638743455,35.18324607329842,191,13.589195860844466,2,16,2,1303.4869109947647,9.9109947643979,191,2.619247492370325,3,1,158,191,4,1,133,191,5,99999,0,10490980087.246073,989.0628272251308,191,7430.725716221544,6,2415,0,45017899.27748689,129.54973821989532,191,486.7610419772448,7,99,5,31600.93193717278,40.434554973822,191,12.896538078343836,8,0,148,191,
1,70,17,36553.183246073284,34.858638743455494,191,13.87029830174294,2,15,3,986.5759162303668,9.952879581151832,191,2.2787068311358283,3,1,163,191,4,1,131,191,5,15024,0,1352850573.7382195,710.4921465968591,191,2668.382689489942,6,2547,0,36770263.38219895,96.26701570680628,191,439.9178355233775,7,90,1,26799.287958115194,40.157068062827236,191,11.87640029596847,8,0,144,191,
1,70,17,31477.47643979055,33.94764397905761,191,12.871321945724013,2,16,3,1068.5759162303657,10.047120418848163,191,2.3715150789386734,3,1,167,191,4,1,133,191,5,99999,0,11368006361.277493,1107.5497382198955,191,7735.089684533482,6,2042,0,23345248.63874346,67.8324607329843,191,350.52778731164403,7,80,2,26468.85863874347,40.37696335078538,191,11.802956507128886,8,0,160,191,
1,70,17,36171.28795811519,36.15706806282723,191,13.797651966169955,2,16,1,1382.1151832460732,10.068062827225129,191,2.6970892529052923,3,1,157,191,4,1,126,191,5,15024,0,849032515.8638747,567.2303664921467,191,2113.9044890337964,6,3900,0,63154742.59685869,156.84816753926708,191,576.5356728674558,7,84,2,40754.07329842933,41.3612565445026,191,14.64565200403561,8,0,138,191,
1,70,17,34646.9109947644,35.26178010471204,191,13.503783289520717,2,16,3,1233.811518324607,10.031413612565448,191,2.548282722400991,3,1,160,191,4,1,127,191,5,99999,0,11167249344.429321,1099.743455497382,191,7666.485280076393,6,2174,0,19960040.146596864,56.59162303664918,191,324.118562993275,7,80,8,22314.659685863862,40.08376963350788,191,10.837231071358602,8,0,139,191,
1,70,18,34249.93717277487,35.74869109947643,191,13.42619928442636,2,16,2,1396.7329842931938,10.282722513089004,191,2.711314484364009,3,1,166,191,4,1,134,191,5,99999,0,12554570751.68586,1355.51832460733,191,8128.756864783672,6,2001,0,21968055.549738217,70.39267015706804,191,340.03138825499946,7,99,1,29746.879581151825,40.340314136125656,191,12.512494719732167,8,0,140,191,
1,70,17,36131.07894736844,34.28947368421051,190,13.826414209051322,2,16,2,1284.9684210526314,10.126315789473686,190,2.6074460137391506,3,1,165,190,4,1,122,190,5,99999,0,11341380767.89474,1095.1052631578946,190,7746.438255755785,6,2206,0,29034962.65263157,76.2842105263158,190,391.94915616596836,7,99,5,31281.810526315792,40.96842105263158,190,12.865155459883175,8,0,152,190,
1,70,17,34288.95287958116,35.0157068062827,191,13.43384431391205,2,16,4,1149.6649214659694,9.95811518324607,191,2.4598512165811224,3,1,157,191,4,1,133,191,5,99999,0,10973432662.324614,994.4136125654445,191,7599.665041899999,6,2444,0,32355523.59162303,87.47120418848165,191,412.6647906347171,7,99,1,33031.183246073284,40.14136125654452,191,13.1851557773911,8,0,150,191,
1,70,17,34322.303664921485,35.09424083769634,191,13.44037586898472,2,16,2,1168.6596858638748,9.916230366492144,191,2.4800887991995633,3,1,157,191,4,1,119,191,5,15024,0,900959476.1151834,490.0680628272254,191,2177.5885698528077,6,2258,0,40831992.11518321,118.93193717277487,191,463.57871139522683,7,99,5,26197.476439790582,39.94764397905757,191,11.742293427872863,8,0,145,191,
1,70,17,31031.162303664914,34.287958115183216,191,12.779745962318433,2,16,2,1006.8586387434558,10.376963350785337,191,2.3020112930623537,3,1,170,191,4,1,123,191,5,99999,0,11488810676.586384,1403.816753926702,191,7776.08028595465,6,2415,0,35575968.303664915,94.90575916230365,191,432.7146154688349,7,99,1,33717.75916230367,41.397905759162306,191,13.321482287189893,8,0,142,191,
1,70,17,42842.15263157893,35.41578947368422,190,15.055831303908143,2,16,2,1195.873684210526,9.852631578947372,190,2.5154271984161825,3,1,160,190,4,1,115,190,5,99999,0,30009228119.494736,1963.5052631578938,190,12600.753340940828,6,2824,0,26323890.294736832,71.30526315789471,190,373.20214740713294,7,99,7,30771.24210526319,38.53684210526317,190,12.75973372722771,8,0,159,190,
1,70,17,29908.115183246082,36.06806282722515,191,12.54635933422124,2,16,2,1220.0,10.0,191,2.53397960362331,3,1,163,191,4,1,118,191,5,20051,0,1659276827.958115,752.5968586387434,191,2955.1710503153045,6,2559,0,18039581.591623038,49.47120418848168,191,308.1317352557185,7,99,3,28511.518324607325,38.68062827225128,191,12.249923377764091,8,0,136,191,
1,70,17,31606.774869109966,33.30890052356021,191,12.897730291781036,2,15,2,1184.743455497382,9.963350785340316,191,2.4970966883640795,3,1,169,191,4,1,130,191,5,99999,0,10751884679.968588,952.8376963350785,191,7522.5571939784395,6,2824,0,44556801.895288,130.85340314136127,191,484.2617924835807,7,99,4,25509.214659685862,41.81151832460732,191,11.587019656696127,8,0,157,191,
1,70,17,37154.95287958117,34.98429319371725,191,13.984004561524678,2,16,3,1191.4869109947642,9.9109947643979,191,2.504193231776994,3,1,149,191,4,1,125,191,5,99999,0,11929422556.732985,1560.7172774869114,191,7923.789150975748,6,2246,0,19410011.382198952,56.732984293193745,191,319.62158037772167,7,99,4,29668.366492146593,40.057591623036636,191,12.495971243848448,8,0,145,191,
1,70,17,36464.968421052625,35.07368421052634,190,13.890152657625123,2,16,1,1327.4736842105258,10.052631578947368,190,2.6502207996369243,3,1,166,190,4,1,135,190,5,99999,0,29722688910.363163,1933.2578947368424,190,12540.45072107202,6,2415,0,32634538.65263161,99.71578947368418,190,415.5352171363945,7,98,3,30680.652631578952,40.715789473684204,190,12.74093777573612,8,0,142,190,
1,70,18,34197.246073298425,35.93717277486908,191,13.41586768155303,2,16,3,1223.4764397905763,9.947643979057599,191,2.537587374477635,3,1,172,191,4,1,132,191,5,99999,0,11382200479.832464,1256.1937172774874,191,7739.91720336256,6,1980,0,22907056.921465967,70.24083769633508,191,347.2224898842237,7,70,4,24295.895287958123,40.853403141361255,191,11.30810033093607,8,0,142,191,
1,70,17,33198.32460732984,34.58638743455495,191,13.218472841032145,2,16,3,1191.7905759162304,10.356020942408376,191,2.5045123234886417,3,1,160,191,4,1,131,191,5,99999,0,10880961330.230362,981.879581151832,191,7567.576727561354,6,2339,0,41124976.43979057,119.19895287958113,191,465.2389111198142,7,70,12,21313.75916230366,39.397905759162285,191,10.591396499121267,8,0,146,191,
1,70,18,30861.52879581152,34.465968586387426,191,12.744767511623104,2,16,2,1357.476439790575,10.052356020942405,191,2.6729408599898026,3,1,160,191,4,1,122,191,5,99999,0,11335935311.172777,1112.4450261780107,191,7724.170986405282,6,2603,0,36329539.98952879,101.29842931937179,191,437.2734901729652,7,84,8,24666.366492146597,40.05759162303665,191,11.39398883348644,8,0,147,191,
1,70,17,31593.46596858639,35.115183246073286,191,12.89501453410058,2,16,3,1193.6649214659685,9.958115183246068,191,2.506480990369575,3,1,167,191,4,1,115,191,5,99999,0,20819200761.717293,1545.4869109947654,191,10467.795415040535,6,2258,0,28408717.287958108,83.15706806282724,191,386.6775978427813,7,99,2,31014.3455497382,41.63350785340316,191,12.776282621725345,8,0,140,191,
1,70,17,32708.69109947645,34.109947643979034,191,13.120632827219813,2,16,2,1401.8115183246082,9.96858638743456,191,2.7162391941070285,3,1,166,191,4,1,126,191,5,99999,0,10400595035.81152,874.9685863874348,191,7398.646759556251,6,2444,0,37001821.895287946,100.14659685863873,191,441.30083959565644,7,84,3,27223.05759162305,38.43979057591623,191,11.969931097639057,8,0,149,191,
1,70,18,33816.57591623039,34.95287958115187,191,13.34098866300679,2,16,3,1197.1832460732985,10.141361256544505,191,2.510172195889629,3,1,166,191,4,1,133,191,5,99999,0,10724431523.476439,947.052356020942,191,7512.9472538644695,6,2559,0,45841608.92146596,130.7591623036649,191,491.19408170544204,7,98,7,31186.198952879568,40.214659685863886,191,12.811631013484659,8,0,148,191,
1,70,17,34591.97905759163,35.010471204188484,191,13.493074063071576,2,16,2,1244.869109947644,9.97382198952879,191,2.5596762849889765,3,1,167,191,4,1,123,191,5,34095,0,2019867405.9685867,765.8376963350784,191,3260.503194914121,6,2559,0,28663036.732984286,76.28272251308903,191,388.40454177099724,7,99,7,24387.3717277487,40.544502617801044,191,11.32936838666581,8,0,145,191,
1,70,17,30217.81578947369,33.921052631578945,190,12.644470065001874,2,16,2,1193.8999999999999,10.299999999999995,190,2.513350595705107,3,1,169,190,4,1,130,190,5,15024,0,1221645359.6631577,777.3578947368424,190,2542.3870794412537,6,2415,0,30115706.678947393,87.88947368421059,190,399.1771077863484,7,99,8,32431.163157894724,40.45789473684213,190,13.09936852912677,8,0,139,190,
1,70,17,27763.75916230366,33.3979057591623,191,12.088219398350232,2,16,4,1151.0994764397906,10.382198952879582,191,2.4613854426016926,3,1,165,191,4,1,137,191,5,99999,0,10297456834.994762,794.9947643979058,191,7361.870770178904,6,1977,0,29629186.460733004,90.13612565445028,191,394.896298584118,7,99,6,26560.9842931937,39.87434554973819,191,11.823478937043179,8,0,138,191,
1,70,17,34319.24607329843,34.93717277486911,191,13.439777189823387,2,16,1,1633.9790575916234,10.01047120418848,191,2.9325568667628623,3,1,153,191,4,1,126,191,5,99999,0,11520960786.34556,1062.6335078534023,191,7786.952916103205,6,2002,0,19769855.17277487,57.55497382198951,191,322.57071989006386,7,80,8,25063.591623036653,39.47120418848167,191,11.485366346845256,8,0,155,191,
1,70,17,30729.643979057582,34.476439790575924,191,12.717506371566298,2,16,3,1152.586387434555,10.18324607329843,191,2.462974653623621,3,1,159,191,4,1,132,191,5,15024,0,1005472257.9476442,521.1780104712042,191,2300.425884995216,6,2824,0,32629481.664921463,84.9581151832461,191,414.40814908240213,7,80,7,26743.811518324597,40.03141361256545,191,11.864101429439323,8,0,154,191,
1,70,17,33686.110526315795,34.93157894736846,190,13.350407822539577,2,16,2,1350.9684210526318,9.873684210526315,190,2.673570845100339,3,1,164,190,4,1,123,190,5,99999,0,19952161709.710526,1366.131578947369,190,10274.579951174235,6,2415,0,31882343.268421058,90.77368421052628,190,410.7184521334082,7,80,3,29728.152631578938,38.784210526315796,190,12.541603281299286,8,0,148,190,
1,70,17,39615.96858638743,35.162303664921446,191,14.439705600291571,2,16,2,1139.9685863874347,9.837696335078538,191,2.4494559937253464,3,1,160,191,4,1,121,191,5,99999,0,10634796686.460728,1069.8638743455504,191,7481.484754997967,6,3770,0,38557877.89528797,94.85340314136126,191,450.4844053337297,7,98,8,23620.073298429295,40.36125654450263,191,11.149716375535792,8,0,152,191,
1,70,18,29238.554973821996,34.664921465968575,191,12.405125208605046,2,16,4,1087.1727748691098,10.44502617801047,191,2.3920622845142043,3,1,163,191,4,1,143,191,5,99999,0,11346927163.5288,1295.4659685863874,191,7727.914937532019,6,1902,0,34053304.19895289,108.21465968586386,191,423.35318215007453,7,84,4,29038.869109947642,40.973821989528794,191,12.36269198881258,8,0,141,191,
1,70,17,35252.984293193724,36.125654450261784,191,13.621381082539187,2,16,2,1275.0366492146595,10.204188481675395,191,2.5905055889522695,3,1,157,191,4,1,127,191,5,99999,0,10883863921.937174,949.748691099476,191,7568.586018932805,6,2267,0,41675953.03664924,127.79581151832467,191,468.3450877777222,7,99,4,31093.86387434556,40.23036649214657,191,12.792650824912503,8,0,132,191,
1,70,17,32039.163157894738,33.457894736842086,190,13.019960898090394,2,16,3,1167.268421052631,10.226315789473682,190,2.4851606370238652,3,1,163,190,4,1,133,190,5,99999,0,11946159573.810528,1280.2315789473685,190,7950.295183968015,6,1974,0,22592281.76842105,67.3263157894737,190,345.73961643496705,7,99,3,29836.97368421052,41.44736842105263,190,12.564536825157683,8,0,147,190,
1,70,17,35093.8219895288,34.92146596858638,191,13.590596979554572,2,16,2,1338.3874345549737,10.303664921465971,191,2.6540807057048204,3,1,163,191,4,1,135,191,5,99999,0,11001103323.32985,1209.6125654450266,191,7609.240685311459,6,2415,0,23614583.17277487,66.44502617801047,191,352.54401123364704,7,99,4,23009.03664921466,39.795811518324605,191,11.004553279920248,8,0,142,191,
1,70,17,30874.198952879553,33.21465968586384,191,12.747383416314266,2,16,1,1762.6596858638738,9.916230366492147,191,3.045842451833123,3,1,165,191,4,1,120,191,5,15024,0,1038853343.7382203,486.4921465968586,191,2338.3004891522346,6,2339,0,14052025.214659689,39.18848167539267,191,271.9522521428666,7,99,10,34638.46073298429,41.136125654450275,191,13.50213642607489,8,0,150,191,
1,70,17,35864.931937172776,35.56544502617802,191,13.739097483798941,2,16,2,1267.623036649214,10.209424083769637,191,2.582963451714058,3,1,159,191,4,1,121,191,5,99999,0,11375620459.75917,1328.3979057591625,191,7737.679667077943,6,4356,0,48205691.2984293,123.17277486910996,191,503.70047124116854,7,81,5,25585.15183246072,39.68586387434554,191,11.604253265723582,8,0,138,191,
1,70,17,33668.61052631579,34.431578947368415,190,13.34693959061527,2,16,3,1294.6526315789472,10.084210526315795,190,2.617253125644926,3,1,163,190,4,1,118,190,5,99999,0,11383782990.952633,1152.384210526317,190,7760.905619628834,6,2415,0,21070344.294736873,59.30526315789474,190,333.89115463988554,7,99,2,40212.71578947367,40.77894736842106,190,14.586490050995723,8,0,143,190,
1,70,17,33131.298429319366,32.172774869109965,191,13.205122297470576,2,16,2,1119.8952879581154,10.146596858638745,191,2.4277944159453337,3,1,164,191,4,1,126,191,5,20051,0,1613769351.4973834,744.3507853403141,191,2914.3649226920447,6,1902,0,15723043.183246067,46.85863874345551,191,287.66796634173545,7,84,5,30582.638743455493,40.167539267015705,191,12.687050742568289,8,0,148,191,
1,70,17,32896.14659685863,35.408376963350776,191,13.158176684771982,2,16,2,1415.9790575916234,9.989528795811529,191,2.7299306503545813,3,1,164,191,4,1,136,191,5,99999,0,21377392755.685856,1712.5183246073286,191,10607.195362157623,6,2415,0,32085242.91099477,84.73821989528797,191,410.9375859319167,7,70,3,21771.4659685864,40.11518324607329,191,10.704516009262633,8,0,143,191,
1,70,17,35701.874345549724,34.675392670157045,191,13.707829945643576,2,15,2,985.1099476439792,10.099476439790582,191,2.2770132186981713,3,1,163,191,4,1,127,191,5,99999,0,10613945757.863882,973.2303664921463,191,7474.146935256886,6,2415,0,23532535.93717277,67.74869109947647,191,351.9310334439254,7,84,2,27899.183246073313,38.14136125654453,191,12.117665062142978,8,0,147,191,
1,70,17,36441.4947368421,36.49473684210525,190,13.885681166754946,2,16,2,1227.8105263157902,9.968421052631575,190,2.548794222978551,3,1,163,190,4,1,129,190,5,15024,0,460921299.89999974,290.7,190,1561.6456180926373,6,2444,0,45527083.07368422,131.5473684210525,190,490.7993861313405,7,99,4,29457.452631578937,39.51578947368423,190,12.484371739627985,8,0,153,190,
1,70,17,29546.575916230348,34.047120418848195,191,12.470296479873651,2,16,2,1235.2460732984293,10.062827225130892,191,2.5497637385889917,3,1,170,191,4,1,129,191,5,15024,0,967029233.8952878,547.8534031413614,191,2256.0202895402567,6,2415,0,23288212.931937173,62.43455497382199,191,350.09933125762717,7,99,3,40027.29842931935,43.17277486910994,191,14.514475248291264,8,0,153,191,
1,70,17,32165.518324607325,34.319371727748695,191,13.011233673578367,2,16,2,1190.4921465968584,10.418848167539263,191,2.5031476464610445,3,1,166,191,4,1,128,191,5,99999,0,31101491260.59683,2301.848167539268,191,12794.21975996579,6,2824,0,37250809.72774866,105.13089005235602,191,442.7831221986,7,75,2,25024.743455497377,40.03664921465969,191,11.476461827652509,8,0,143,191,
1,70,17,33893.82198952881,35.07853403141364,191,13.35621715857427,2,15,1,1284.7643979057589,10.219895287958117,191,2.600368797635159,3,1,168,191,4,1,124,191,5,15024,0,693794795.5497383,430.3926701570679,191,1910.903334950499,6,2392,0,31066863.62303663,83.79057591623037,191,404.3634609386685,7,86,4,26440.69109947644,41.109947643979034,191,11.796674620523683,8,0,130,191,
1,70,17,37726.11052631579,35.93157894736842,190,14.128306706884135,2,16,2,1469.9421052631578,9.836842105263162,190,2.788811835965063,3,1,166,190,4,1,126,190,5,15831,0,783483941.8736842,506.74736842105244,190,2036.02988236208,6,1977,0,13482631.915789481,38.97894736842102,190,267.0892674802171,7,80,2,27378.31578947368,38.421052631578966,190,12.035730709056221,8,0,153,190,
1,70,17,34699.32984293194,33.61256544502618,191,13.513994664972492,2,16,2,1199.8952879581157,10.146596858638743,191,2.513013799738134,3,1,163,191,4,1,121,191,5,99999,0,11127819310.460732,1149.86387434555,191,7652.938654860398,6,1977,0,23071294.492146607,67.58115183246075,191,348.46501366441373,7,99,2,33663.1832460733,40.1413612565445,191,13.310696776034817,8,0,146,191,
1,70,17,35183.93717277487,34.748691099476446,191,13.608035005055473,2,16,2,1161.3717277486903,10.54450261780105,191,2.4723435800116222,3,1,158,191,4,1,124,191,5,99999,0,20647322969.277466,1799.5497382198948,191,10424.496193626532,6,3683,0,30325197.947643984,68.17801047120417,191,399.507578135384,7,99,4,25206.19895287957,40.78534031413612,191,11.517994834829352,8,0,145,191,
1,70,17,31129.057591623037,33.439790575916234,191,12.7998884846341,2,16,2,1021.6230366492143,10.209424083769639,191,2.3188280123341056,3,1,161,191,4,1,134,191,5,99999,0,20267348371.17278,1594.5549738219897,191,10328.12928778101,6,2206,0,33719954.14659688,98.40837696335078,191,421.2759699731587,7,80,3,22257.371727748687,40.54450261780104,191,10.823311033366503,8,0,144,191,
1,70,17,35559.87368421056,34.25263157894734,190,13.716686181823869,2,16,3,1489.8105263157897,10.031578947368423,190,2.807596013911585,3,1,156,190,4,1,121,190,5,15024,0,1102860128.8421047,584.7368421052629,190,2415.6238897937637,6,1902,0,16979138.863157902,53.757894736842104,190,299.7277323867146,7,85,8,27265.97894736842,40.01052631578947,190,12.011013232652989,8,0,143,190,
1,70,17,34110.366492146604,33.94240837696336,191,13.39881504818648,2,16,2,1177.298429319372,9.82722513089005,191,2.4892383418896507,3,1,169,191,4,1,120,191,5,99999,0,29755329561.82199,1857.0785340314142,191,12514.27176042617,6,2246,0,41017144.387434565,124.303664921466,191,464.62856918434017,7,99,4,23469.685863874336,39.51832460732986,191,11.114164945754759,8,0,146,191,
1,70,17,26510.34554973824,35.366492146596876,191,11.812202778157278,2,16,2,1327.623036649214,10.209424083769632,191,2.6433860229967947,3,1,177,191,4,1,126,191,5,99999,0,10447570156.387438,1007.3036649214654,191,7415.336226322281,6,3770,0,36639264.397905745,87.23560209424083,191,439.133503246095,7,99,8,22674.858638743466,41.623036649214654,191,10.924347177591189,8,0,137,191,
1,70,17,31842.921465968597,34.7591623036649,191,12.94582262759296,2,16,1,1239.8952879581152,10.146596858638743,191,2.5545576277437476,3,1,160,191,4,1,125,191,5,25236,0,1811072154.9738224,772.9267015706808,191,3087.3870360530664,6,2001,0,34585416.43979056,108.80104712041884,191,426.6479902423602,7,72,2,22791.28795811518,40.157068062827214,191,10.952358063356705,8,0,146,191,
1,70,17,38289.16230366491,35.71204188481675,191,14.195841181888245,2,16,3,1288.973821989528,10.073298429319374,191,2.6046252604383047,3,1,158,191,4,1,124,191,5,99999,0,10404176552.324612,908.4136125654446,191,7399.920537384386,6,2547,0,33216156.607329838,80.3717277486911,191,418.11706121693163,7,97,1,40386.55497382197,39.33507853403142,191,14.579465547532756,8,0,144,191,
1,70,17,36553.48691099473,34.08900523560208,191,13.87035591525184,2,16,1,1253.8324607329841,9.80628272251309,191,2.568874892707725,3,1,155,191,4,1,125,191,5,27828,0,1180634129.9581144,504.59685863874347,191,2492.7622914920735,6,2051,0,36563233.45549738,117.53926701570677,191,438.67763884019354,7,72,5,26446.879581151836,38.65968586387436,191,11.798055054062678,8,0,156,191,
1,70,17,33558.69109947644,35.109947643979034,191,13.2900221970185,2,16,1,1122.3036649214662,9.905759162303664,191,2.4304035455708806,3,1,173,191,4,1,134,191,5,20051,0,1223255409.6439788,657.4764397905759,191,2537.358147078819,6,2258,0,62303310.23036648,183.87958115183235,191,572.63614897,7,80,10,26343.21465968586,42.18848167539266,191,11.77490969005168,8,0,129,191,
1,70,18,32722.575916230377,33.95287958115185,191,13.123417381521993,2,16,2,1235.7277486910994,10.130890052356014,191,2.550260821223771,3,1,171,191,4,1,139,191,5,99999,0,20740118729.685863,1741.4816753926707,191,10447.895464155716,6,2824,0,40838543.54973823,115.39267015706807,191,463.6159001731488,7,99,3,31379.62303664921,41.79057591623037,191,12.85129996222975,8,0,146,191,
1,70,17,30826.95263157896,33.015789473684194,190,12.771279085481366,2,16,2,1094.6105263157906,10.168421052631588,190,2.4065722690845863,3,1,163,190,4,1,120,190,5,99999,0,20818117364.294727,1763.9052631578943,190,10495.178375008809,6,2002,0,10319002.468421044,29.373684210526324,190,233.66192813188974,7,82,2,25971.915789473696,39.821052631578915,190,11.722522930651456,8,0,141,190,
1,70,17,33211.59162303665,34.52879581151833,191,13.2211138202332,2,16,2,1232.2198952879583,10.329842931937177,191,2.5466385432441374,3,1,164,191,4,1,139,191,5,99999,0,10489921353.05759,938.4397905759162,191,7430.350757838665,6,2444,0,47004109.15183247,132.68586387434559,191,497.383200528063,7,77,4,23190.23036649214,41.120418848167546,191,11.047798153214474,8,0,145,191,
1,70,17,32982.73298429319,34.28272251308899,191,13.175482211148097,2,15,1,1383.9371727748685,10.251308900523561,191,2.6988664021603284,3,1,164,191,4,1,135,191,5,99999,0,10625413814.994768,926.0052356020942,191,7478.183643454848,6,1977,0,16445653.497382194,51.350785340314154,191,294.2041315801898,7,99,4,34797.518324607336,39.319371727748695,191,13.533101392046357,8,0,146,191,
1,70,17,33978.99476439791,33.00523560209423,191,13.372988243076515,2,16,2,1190.2303664921458,9.879581151832463,191,2.5028724198325936,3,1,170,191,4,1,132,191,5,25236,0,2049995559.9790561,822.0104712041885,191,3284.7298695142713,6,2246,0,27132467.476439785,81.0523560209424,191,377.89212799728267,7,99,7,37402.98429319373,40.87434554973821,191,14.030602698011254,8,0,144,191,
1,70,17,35849.052631578954,33.315789473684205,190,13.772346464971443,2,16,2,1196.6526315789476,9.915789473684214,190,2.5162462926310725,3,1,161,190,4,1,128,190,5,15024,0,845127798.4421053,382.1368421052634,190,2114.610047534257,6,2603,0,20804451.915789485,48.17894736842102,190,331.7777345798047,7,85,8,30220.15263157895,40.58421052631581,190,12.644958974574479,8,0,156,190,
1,70,17,36266.58638743453,35.81675392670157,191,13.815815953470926,2,16,2,1356.2198952879587,10.329842931937177,191,2.67170347323276,3,1,159,191,4,1,130,191,5,99999,0,10715360959.45549,1097.460732984293,191,7509.7694124861855,6,1977,0,22346834.910994742,70.26178010471205,191,342.95031795317357,7,99,4,30869.832460732992,41.806282722513096,191,12.746481962679368,8,0,137,191,
1,70,17,33143.298429319366,34.82722513089004,191,13.207513497471483,2,16,2,1354.5968586387426,10.151832460732988,191,2.670104333304267,3,1,156,191,4,1,119,191,5,99999,0,11331311723.717283,1182.5130890052353,191,7722.595597103785,6,2415,0,17808679.905759152,44.104712041884795,191,306.1533835201526,7,85,8,24008.39790575917,39.764397905759154,191,11.240995906843835,8,0,159,191,
1,70,17,34092.38743455498,34.69633507853402,191,13.395283426512675,2,16,3,985.6649214659685,9.958115183246079,191,2.2776545201102785,3,1,170,191,4,1,130,191,5,15024,0,686607518.8795817,353.3403141361257,191,1900.9796904692973,6,2042,0,29720343.28795812,87.15706806282725,191,395.5032988614708,7,80,8,24767.214659685862,39.811518324607356,191,11.417257173540749,8,0,160,191,
1,70,17,26574.215789473696,32.72105263157894,190,11.857669094152598,2,16,3,1187.942105263158,10.163157894736846,190,2.507071591390109,3,1,168,190,4,1,133,190,5,99999,0,20949176221.100025,1613.0999999999997,190,10528.162338606033,6,2377,0,40654090.46842105,119.37368421052629,190,463.7898314640194,7,75,3,26317.452631578944,40.1157894736842,190,11.800244960146603,8,0,141,190,
1,70,18,39380.92146596859,34.24083769633504,191,14.396805469117938,2,16,2,1523.9057591623039,9.895287958115182,191,2.832058725939492,3,1,162,191,4,1,140,191,5,20051,0,1373088438.2303667,713.8795811518323,191,2688.267333031452,6,2179,0,24465977.214659687,73.81151832460729,191,358.8430034566479,7,94,1,26699.528795811508,40.534031413612574,191,11.8542749996543,8,0,135,191,
1,70,17,31559.48691099475,34.91099476439789,191,12.888078316391706,2,16,1,1419.6649214659683,10.041884816753935,191,2.7334814137459524,3,1,163,191,4,1,127,191,5,20051,0,1774715807.5811512,776.7068062827228,191,3056.241075829099,6,4356,0,38329611.874345556,80.67539267015705,191,449.14897232283727,7,99,6,36265.8115183246,41.03141361256545,191,13.815668358849253,8,0,142,191,
1,70,17,30518.952879581153,32.98429319371727,191,12.673833981367643,2,16,2,1082.3979057591623,10.235602094240841,191,2.38680352834978,3,1,170,191,4,1,126,191,5,99999,0,30217337732.293198,2244.277486910995,191,12611.051488422701,6,2258,0,21999981.74869109,65.50261780104708,191,340.2783825409571,7,99,5,34704.366492146604,42.05759162303664,191,13.514975415626258,8,0,143,191,
1,70,18,35625.17894736844,33.6105263157895,190,13.729275665654642,2,16,2,1020.4684210526312,10.42631578947368,190,2.323640207754481,3,1,165,190,4,1,128,190,5,99999,0,20283724444.468426,1468.5736842105262,190,10359.599092483058,6,2282,0,26205366.652631573,78.91578947368424,190,372.36102590336606,7,80,1,26518.57368421052,39.15263157894736,190,11.845248569492814,8,0,152,190,
1,70,17,36277.90575916231,35.89528795811519,191,13.817971851934505,2,16,2,1303.811518324608,9.968586387434556,191,2.6195736076543046,3,1,164,191,4,1,118,191,5,15024,0,1100296544.0000005,602.9999999999999,191,2406.456823237281,6,2603,0,38310805.549738206,108.60732984293189,191,449.03877191489005,7,99,4,28673.895287958112,40.85340314136126,191,12.284756340997337,8,0,145,191,
1,70,17,28742.91099476441,33.26178010471204,191,12.299531654490455,2,16,1,1469.9790575916222,9.989528795811513,191,2.7814981362677864,3,1,162,191,4,1,126,191,5,15024,0,709673658.3246074,459.41361256544496,191,1932.647023514106,6,2415,0,34006253.46596858,98.11518324607327,191,423.0606119692953,7,99,4,36667.38219895288,42.26701570680629,191,13.891948103119015,8,0,144,191,
1,70,17,26910.87958115182,32.65968586387437,191,11.901101139048087,2,16,1,1208.9947643979065,9.994764397905753,191,2.5225245962995784,3,1,167,191,4,1,128,191,5,15024,0,783974970.3664916,535.9424083769633,191,2031.3010743266204,6,2149,0,30546972.910994776,88.73821989528797,191,400.9657611777028,7,80,8,19754.43979057591,40.19895287958114,191,10.196604127839485,8,0,146,191,
1,70,17,31677.81052631578,34.2315789473684,190,12.946330101700633,2,16,2,1297.915789473685,9.821052631578945,190,2.6205494289145888,3,1,163,190,4,1,129,190,5,99999,0,10251659686.994738,846.9947368421051,190,7364.888705572868,6,2559,0,29168611.91578948,85.82105263157894,190,392.8502004297848,7,97,6,35298.15263157894,41.21578947368421,190,13.66611548086714,8,0,149,190,
1,70,17,32463.5497382199,33.39267015706806,191,13.071372846640639,2,16,3,1063.4764397905758,9.947643979057597,191,2.3658496190481757,3,1,163,191,4,1,121,191,5,99999,0,39506735007.16233,2492.712041884816,191,14419.784473015636,6,2339,0,29330150.429319367,90.74345549738221,191,392.8984764362053,7,80,8,25431.748691099478,40.502617801047144,191,11.569412642849402,8,0,152,191,
1,60,17,25980.99476439791,32.99476439790578,191,11.693676825847268,2,16,2,1287.6230366492143,10.209424083769635,191,2.6032601388999406,3,1,164,191,4,1,128,191,5,99999,0,11769218816.30367,1262.9057591623034,191,7870.403860534354,6,1977,0,22826643.832460735,67.1937172774869,191,346.61250799294845,7,72,8,23199.151832460742,39.68586387434556,191,11.049923036755253,8,0,140,191,
1,60,18,26615.738219895273,32.49214659685864,191,11.835659370575469,2,16,1,1243.6230366492136,10.209424083769632,191,2.55839488809232,3,1,164,191,4,1,117,191,5,99999,0,11439477334.984287,960.8743455497386,191,7759.366948874484,6,2415,0,38011840.38743456,109.303664921466,191,447.28326352391383,7,89,6,26691.73821989527,40.49214659685864,191,11.852545411694946,8,0,150,191,
1,70,17,32279.94210526316,35.36315789473684,190,13.068792770271164,2,16,4,1324.1526315789472,10.415789473684214,190,2.6469035833937715,3,1,160,190,4,1,127,190,5,15024,0,1399856161.4157898,824.6789473684208,190,2721.5154522246057,6,2559,0,26584585.47894736,76.08947368421053,190,375.045573801762,7,99,2,27606.342105263167,41.23684210526316,190,12.085747893459038,8,0,146,190,
1,70,17,35035.58115183245,34.706806282722525,191,13.579314987728957,2,16,1,1030.3036649214655,9.905759162303669,191,2.328658598422644,3,1,170,191,4,1,123,191,5,99999,0,10401429119.486921,809.9109947643972,191,7398.94342367701,6,2051,0,23106031.54973822,67.60732984293195,191,348.72724637894765,7,90,2,42080.38743455498,40.30366492146599,191,14.88206045343732,8,0,156,191,
1,70,17,31269.59162303665,33.471204188481664,191,12.828748887400609,2,16,3,1143.9371727748685,10.251308900523561,191,2.4537159497327705,3,1,161,191,4,1,133,191,5,99999,0,13201896552.596853,1524.8481675392668,191,8335.686298457927,6,2559,0,37281290.91099478,107.73821989528794,191,442.96424300860116,7,99,6,30013.8219895288,41.07853403141358,191,12.568511612574287,8,0,140,191,
1,70,17,34111.937172774866,35.25130890052354,191,13.399123532367973,2,16,1,1129.2146596858643,10.188481675392676,191,2.437875109799153,3,1,165,191,4,1,126,191,5,41310,0,4232478047.5287957,1171.465968586387,191,4719.766969899209,6,2559,0,39140635.549738236,105.3926701570681,191,453.8759136577114,7,90,8,33803.51832460734,40.31937172774869,191,13.338412736905342,8,0,145,191,
1,70,17,34943.310526315785,35.268421052631574,190,13.597251225154947,2,16,3,1066.1105263157888,10.068421052631573,190,2.375036091416986,3,1,166,190,4,1,123,190,5,99999,0,11057710294.994736,1049.2052631578956,190,7648.94788040949,6,2258,0,30498271.26315789,83.84210526315793,190,401.7045115752162,7,70,2,27840.742105263158,40.43684210526318,190,12.136948289601515,8,0,146,190,
1,70,18,32156.198952879575,34.785340314136135,191,13.009348653317609,2,16,2,1190.387434554974,9.696335078534032,191,2.5030375594412377,3,1,167,191,4,1,130,191,5,99999,0,20231477628.649216,1449.4240837696334,191,10318.985473553925,6,2559,0,29202045.916230343,81.02094240837697,191,392.039511409852,7,98,3,31632.869109947635,40.9738219895288,191,12.90305331265426,8,0,148,191,
1,70,17,35154.39790575919,33.76439790575916,191,13.602321378074288,2,16,2,1315.7905759162309,9.64397905759162,191,2.6315800496002106,3,1,165,191,4,1,130,191,5,27828,0,1844607258.1151822,720.068062827225,191,3115.840055785566,6,2051,0,10515581.643979056,29.476439790575924,191,235.25553457306415,7,85,1,30598.984293193716,39.12565445026177,191,12.690440723381169,8,0,156,191,
1,70,18,29128.65968586386,35.91623036649217,191,12.381790467810266,2,16,2,1461.1937172774863,10.345549738219907,191,2.7731738583848067,3,1,166,191,4,1,137,191,5,99999,0,10708830398.429317,1024.2565445026178,191,7507.480619681355,6,2824,0,26041553.29842934,68.82722513089003,191,370.21724275597785,7,80,1,26121.989528795817,41.29842931937173,191,11.725363764707465,8,0,130,191,
1,70,17,35980.46073298427,33.13612565445028,191,13.76120801249204,2,15,2,1209.1099476439795,10.099476439790568,191,2.522644756311768,3,1,159,191,4,1,121,191,5,99999,0,11277193722.952883,1175.0157068062827,191,7704.132084371102,6,2231,0,23619705.82198953,68.07853403141361,191,352.5822473811833,7,99,4,35704.77486910997,40.69109947643979,191,13.7083867662157,8,0,148,191,
1,70,17,37401.036649214664,34.204188481675395,191,14.030237393275145,2,16,3,1295.8638743455494,10.230366492146606,191,2.6115773357812038,3,1,174,191,4,1,123,191,5,99999,0,10414937619.97905,876.9895287958112,191,7403.746427166754,6,3004,0,33708262.952879585,86.01570680628275,191,421.2029324189394,7,80,2,27429.518324607336,38.68062827225131,191,12.01523557484355,8,0,145,191,
1,70,17,30983.1727748691,34.554973821989506,191,12.769860233927696,2,16,2,1460.984293193718,9.874345549738221,191,2.772975120120814,3,1,158,191,4,1,140,191,5,99999,0,10998045290.743462,957.0366492146597,191,7608.183022157774,6,2377,0,36781573.84293192,107.72774869109949,191,439.98548925194484,7,98,10,24853.486910994758,40.91099476439792,191,11.437124894279194,8,0,152,191,
1,70,17,27305.528795811497,33.4659685863874,191,11.988048608995522,2,16,3,932.3874345549742,10.30366492146597,191,2.21524316659175,3,1,165,191,4,1,124,191,5,99999,0,10764836666.984287,1077.125654450262,191,7527.086759789008,6,2001,0,39746835.97905757,127.01047120418849,191,457.37716774450735,7,90,8,28481.91623036651,40.97905759162302,191,12.243562482590061,8,0,134,191,
1,70,17,33525.242105263154,33.53684210526316,190,13.318492157942682,2,16,2,1281.71052631579,9.868421052631573,190,2.6041384710253066,3,1,153,190,4,1,126,190,5,99999,0,21115787642.652626,2013.915789473684,190,10569.945323464033,6,1887,0,14079246.742105264,44.56315789473685,190,272.93473396738636,7,84,6,30949.373684210503,39.24736842105263,190,12.796612829825621,8,0,144,190,
1,70,17,31731.036649214653,33.204188481675374,191,12.923059082450182,2,16,2,1179.486910994764,10.089005235602091,191,2.4915508919829157,3,1,158,191,4,1,122,191,5,99999,0,21827926983.319393,1834.2251308900516,191,10718.387296043971,6,2415,0,22008273.476439804,66.9476439790576,191,340.34250145559486,7,99,3,28759.989528795806,40.701570680628286,191,12.303185194941616,8,0,146,191,
1,70,17,33114.4607329843,33.863874345549746,191,13.201766375631689,2,16,2,1089.4764397905758,10.052356020942407,191,2.3945952737808445,3,1,167,191,4,1,125,191,5,27828,0,2131620371.6230361,831.79057591623,191,3349.485719851581,6,1980,0,24496833.643979065,74.5235602094241,191,359.06921810336723,7,99,3,36202.879581151836,40.65968586387436,191,13.803676013285248,8,0,149,191,
1,70,17,33255.66492146596,32.95811518324608,191,13.2298834226208,2,16,1,1074.6910994764398,9.89005235602094,191,2.3782911816287005,3,1,166,191,4,1,125,191,5,15024,0,417222860.2931935,301.72251308900513,191,1481.860246790097,6,2392,0,37184269.62303666,103.20942408376959,191,442.38747973525284,7,99,6,30069.49738219895,40.649214659685875,191,12.580163454339106,8,0,156,191,
1,70,17,36398.36315789473,36.25789473684209,190,13.877461297094403,2,15,2,1096.363157894737,9.942105263157892,190,2.408498135619856,3,1,158,190,4,1,135,190,5,99999,0,10511008285.368418,862.5263157894739,190,7457.466087866894,6,2002,0,37832986.763157874,115.34210526315789,190,447.40868692773665,7,84,8,23512.110526315788,39.66842105263158,190,11.153595886414301,8,0,147,190,
1,70,18,36298.69109947645,34.10994764397903,191,13.821929772243216,2,15,3,1101.6649214659685,10.041884816753928,191,2.4079527463736192,3,1,159,191,4,1,132,191,5,15024,0,989246984.5863873,544.1832460732984,191,2281.789446195783,6,1977,0,30338761.591623023,94.4712041884817,191,399.5969126350823,7,80,3,27245.895287958123,40.146596858638745,191,11.974950892759022,8,0,148,191,
1,70,17,36356.691099476426,34.109947643979055,191,13.832968075822269,2,16,1,1412.7434554973825,10.03664921465969,191,2.7268098340439613,3,1,164,191,4,1,114,191,5,22040,0,1598614072.429319,772.2565445026172,191,2900.647906234706,6,2392,0,28116346.984293204,77.12565445026178,191,384.68269210031167,7,99,12,25584.554973821992,39.33507853403144,191,11.60411791106071,8,0,144,191,
1,70,17,28840.554973822,34.66492146596857,191,12.320405618284779,2,16,3,1229.4659685863878,10.115183246073302,191,2.5437911704532126,3,1,169,191,4,1,130,191,5,99999,0,11199183192.586384,1202.8167539267017,191,7677.4389893157195,6,2179,0,21704927.497382183,65.35078534031412,191,337.9888467280212,7,84,2,22596.774869109955,41.30890052356024,191,10.905521264384712,8,0,143,191,
1,70,17,31894.994736842098,35.205263157894734,190,12.990634546057304,2,16,2,1340.342105263158,10.236842105263152,190,2.6630353303522916,3,1,161,190,4,1,139,190,5,99999,0,20694930221.31053,1564.268421052632,190,10464.080719200292,6,2415,0,47185383.37368421,128.75263157894727,190,499.65799612162346,7,84,5,24384.294736842105,42.30526315789471,190,11.358584087379203,8,0,135,190,
1,70,17,36523.947643979074,35.178010471204175,191,13.864750390445677,2,16,1,1563.4764397905753,9.947643979057597,191,2.8685925760412228,3,1,163,191,4,1,127,191,5,15024,0,618623105.2774869,344.45026178010477,191,1804.4143316898771,6,2415,0,38080846.14659682,108.40837696335079,191,447.6890729454094,7,98,2,35149.28795811518,40.157068062827214,191,13.601332743931108,8,0,151,191,
1,70,17,33108.43979057591,34.80104712041885,191,13.200566134306097,2,16,2,1355.24607329843,10.062827225130883,191,2.6707441041761633,3,1,169,191,4,1,127,191,5,99999,0,10570592550.492146,1081.581151832461,191,7458.867047626549,6,2444,0,40589313.43455497,112.75392670157069,191,462.1990539205226,7,84,5,26117.32984293194,40.387434554973794,191,11.72431792268844,8,0,148,191,
1,70,18,36969.17277486911,35.445026178010465,191,13.948999733025401,2,16,2,1351.8952879581154,9.853403141361259,191,2.667440413144086,3,1,156,191,4,1,123,191,5,15024,0,901425229.5497384,625.6073298429318,191,2178.15135227552,6,1980,0,12396272.596858632,36.848167539267024,191,255.42815033481818,7,75,3,28954.69109947646,40.89005235602093,191,12.344760469522123,8,0,142,191,
1,70,17,36285.71052631579,34.13157894736838,190,13.855969341140417,2,16,3,1191.6631578947365,10.042105263157888,190,2.510995036537732,3,1,166,190,4,1,136,190,5,99999,0,20856920934.610523,1762.1684210526305,190,10504.954974634746,6,2547,0,55148807.5789474,162.78947368421063,190,540.1783341571961,7,90,3,25645.26842105262,40.22631578947369,190,11.648572912809549,8,0,144,190,
1,70,17,31987.64397905761,35.47643979057591,191,12.975207934457485,2,16,3,1290.3979057591628,10.235602094240841,191,2.60606368399704,3,1,165,191,4,1,116,191,5,99999,0,10521504630.492144,853.5811518324607,191,7441.528079667843,6,1977,0,25537339.382198945,76.2670157068063,191,366.6156698505868,7,75,4,28638.230366492135,40.12041884816753,191,12.27711400308295,8,0,142,191,
1,70,17,32697.748691099496,33.50261780104712,191,13.118437946786255,2,16,2,1248.774869109947,10.308900523560208,191,2.563688614302639,3,1,162,191,4,1,131,191,5,20051,0,1074685979.29843,488.17277486911007,191,2378.2855161455122,6,2415,0,34903362.230366476,104.12041884816752,191,428.6046038898941,7,80,3,22464.879581151832,41.34031413612566,191,10.873647424937584,8,0,143,191,
1,70,17,33549.43455497382,34.75392670157067,191,13.288189167150184,2,15,3,1257.8115183246073,10.031413612565448,191,2.5729478468793516,3,1,163,191,4,1,131,191,5,99999,0,30684312580.93194,2269.565445026177,191,12708.122678228478,6,2339,0,16628499.036649225,47.795811518324584,191,295.83511620895234,7,99,8,27366.79581151831,41.42931937172774,191,12.001490217012375,8,0,143,191,
1,70,17,32730.315789473647,35.578947368421076,190,13.15964566462103,2,16,2,1295.2684210526306,9.773684210526316,190,2.617875487692556,3,1,162,190,4,1,134,190,5,99999,0,31019416336.342087,2366.7631578947376,190,12811.08488612428,6,2002,0,33148415.07894738,98.28947368421055,190,418.79403000896536,7,80,6,27331.915789473675,40.178947368421085,190,12.025527475142878,8,0,141,190,
1,70,17,31661.968586387447,36.162303664921474,191,12.908986789378746,2,15,3,1062.994764397905,10.00523560209424,191,2.365313781785572,3,1,151,191,4,1,140,191,5,99999,0,20831097841.91625,1729.9790575916222,191,10470.785885630414,6,2339,0,39310101.95811518,116.4031413612565,191,454.8574210274733,7,90,2,30481.83246073298,41.80628272251309,191,12.666123999146405,8,0,140,191,
1,70,17,33167.319371727746,36.77486910994764,191,13.212298770409602,2,16,2,987.3717277486912,10.45549738219895,191,2.2796256938235455,3,1,167,191,4,1,131,191,5,99999,0,11069322046.49215,1171.581151832461,191,7632.796978721479,6,1977,0,23383792.691099472,68.10994764397907,191,350.81703651768373,7,99,1,27477.643979057604,41.47643979057593,191,12.025771444574575,8,0,135,191,
1,70,17,28513.863874345552,35.23036649214661,191,12.250427248047858,2,16,2,1023.1518324607333,10.314136125654455,191,2.320562355234217,3,1,170,191,4,1,130,191,5,15024,0,682776484.1465964,425.40837696335086,191,1895.6688642473462,6,2415,0,48191365.916230366,139.9790575916231,191,503.62562283918777,7,80,1,29397.82198952879,41.078534031413625,191,12.438865659386181,8,0,140,191,
1,70,17,33663.97894736843,34.98947368421053,190,13.34602153178306,2,16,1,1234.1105263157895,10.06842105263158,190,2.5553248960596315,3,1,168,190,4,1,131,190,5,15024,0,475316839.39473677,311.3947368421053,190,1585.8448575259386,6,2415,0,32210649.494736835,88.29473684210528,190,412.827708497588,7,99,5,31423.49999999999,40.500000000000014,190,12.894258596829237,8,0,143,190,
1,70,17,30184.73298429319,32.71727748691098,191,12.604245939635035,2,16,3,1268.638743455498,10.167539267015709,191,2.583998068533882,3,1,161,191,4,1,130,191,5,25236,0,1914676229.1518328,896.6858638743457,191,3174.467405932125,6,2377,0,31026321.623036653,88.79057591623042,191,404.099529317877,7,80,4,28717.172774869097,39.445026178010465,191,12.294023531967644,8,0,145,191,
1,70,17,30494.575916230362,32.95287958115184,191,12.668771368217197,2,16,2,1207.2146596858636,9.811518324607334,191,2.5206668496189066,3,1,163,191,4,1,119,191,5,20051,0,1189308431.9895284,476.70157068062827,191,2501.9028884236855,6,2415,0,33625169.28795809,91.84293193717276,191,420.6834619993748,7,80,5,25206.649214659697,39.57591623036648,191,11.518097708128648,8,0,154,191,
1,70,17,35547.96858638742,35.16230366492146,191,13.678251770869776,2,15,1,1290.3664921465972,10.057591623036648,191,2.6060319626292476,3,1,157,191,4,1,128,191,5,15024,0,1093597241.3821983,683.7329842931939,191,2399.1196207448993,6,2206,0,24295762.38743455,73.69633507853399,191,357.5925525204301,7,98,8,28130.429319371746,39.2565445026178,191,12.16778086401083,8,0,147,191,
1,70,17,28625.873684210525,33.7473684210526,190,12.306894373594298,2,16,2,1280.294736842105,10.305263157894741,190,2.602699795727084,3,1,155,190,4,1,132,190,5,34095,0,1887709097.2684207,570.8263157894736,190,3160.3605524569557,6,2179,0,40844052.99473682,124.79473684210518,190,464.87213349614,7,80,1,24309.663157894764,40.357894736842134,190,11.34118849111404,8,0,145,190,
